identity_id,actor_id,scenario_type,active_hours,session_gap_minutes,infra_fingerprint,account_creation_ts,posting_interval_minutes,activity_sequence,uses_tor,uses_vpn,uses_crypto,uses_encrypted_msg,writing_style_vector,interaction_vector,interaction_counterparties,infra_features,handles,pgp_keys,wallets,trust_links,marketplaces,clearnet_domains,ssl_certificates,certificate_domain_links,service_banners,exposed_server_status,descriptor_inconsistencies,tor_services,persona_history
privacy_user_0_A,privacy_user_0,legitimate_privacy_user,"[20, 14, 21]",59.422336087954314,infra_8,2026-01-23 18:00:00,113.4409599357446,"[""message"", ""search"", ""login"", ""withdraw"", ""search"", ""message"", ""withdraw"", ""post"", ""login"", ""browse"", ""browse"", ""login"", ""post"", ""search"", ""message"", ""browse"", ""search"", ""post"", ""search"", ""browse"", ""upload"", ""message"", ""upload"", ""login"", ""search"", ""message"", ""post"", ""message"", ""message"", ""post"", ""login"", ""message""]",True,True,True,True,"[0.0142, 0.2808, 0.2348, 0.7946, 0.7095, 0.8977]","[7.785, 6.956, 10.739, 13.933, 10.125]","[""cp_20"", ""cp_6""]","{""tls"": ""tls_2"", ""service"": ""svc_6"", ""certificate"": ""cert_7"", ""server"": ""srv_6"", ""asn"": ""asn_5""}","[""privacy_user_0""]","[""PGP_PRIVACY_USER_0_881""]","[""WALLET_PRIVACY_USER_0_444""]","[""TRUST_privacy_user_0_1""]","[""market_2""]","[""privacy_user_0.example""]","[""cert_7""]","[{""certificate"": ""cert_7"", ""domain"": ""privacy_user_0.example""}]","[""svc_6""]",[],[],"[""onion_privacy_user_0_489""]","[""privacy_user_0:initial_persona""]"
unrelated_X_0_A,unrelated_X_0,independent_unrelated_users,"[19, 21, 3, 20, 20, 19, 23, 21, 21, 20, 21]",29.871353804597295,infra_35,2026-06-25 10:00:00,137.52869267524903,"[""login"", ""message"", ""withdraw"", ""search"", ""post"", ""withdraw"", ""browse"", ""search"", ""login"", ""message"", ""search"", ""login"", ""withdraw"", ""withdraw"", ""post"", ""post"", ""message"", ""search"", ""post"", ""withdraw"", ""search"", ""withdraw"", ""browse"", ""withdraw"", ""message"", ""upload"", ""browse"", ""browse"", ""message"", ""search"", ""search"", ""message"", ""post"", ""browse"", ""post"", ""withdraw"", ""browse"", ""browse""]",False,False,False,False,"[0.7768, 0.0912, 0.3811, 1.0022, 0.6242, 0.5931]","[11.742, 16.964, 11.86, 8.172, 8.315]","[""cp_5"", ""cp_16"", ""cp_18""]","{""tls"": ""tls_4"", ""service"": ""svc_2"", ""certificate"": ""cert_5"", ""server"": ""srv_3"", ""asn"": ""asn_4""}","[""unrelated_X_0""]","[""PGP_UNRELATED_X_0_864""]","[""WALLET_UNRELATED_X_0_698""]","[""TRUST_unrelated_X_0_4""]","[""market_3""]","[""unrelated_X_0.example""]","[""cert_5""]","[{""certificate"": ""cert_5"", ""domain"": ""unrelated_X_0.example""}]","[""svc_2""]",[],[],"[""onion_unrelated_X_0_508""]","[""unrelated_X_0:initial_persona""]"
unrelated_Y_0_A,unrelated_Y_0,independent_unrelated_users,"[20, 21, 19, 20, 21, 19, 21, 22, 22]",45.082260607057044,infra_11,2026-02-21 22:00:00,145.98239027562877,"[""post"", ""upload"", ""post"", ""message"", ""upload"", ""post"", ""search"", ""browse"", ""upload"", ""search"", ""search"", ""search"", ""withdraw"", ""browse"", ""browse"", ""login"", ""withdraw"", ""search"", ""browse"", ""browse"", ""search"", ""search"", ""post"", ""post"", ""upload"", ""upload"", ""upload"", ""post"", ""search""]",False,True,False,False,"[0.2033, 1.0235, 0.3915, 0.1684, 0.5141, 0.7271]","[10.431, 12.691, 8.156, 8.857, 10.214]","[""cp_15"", ""cp_10"", ""cp_14"", ""cp_18""]","{""tls"": ""tls_1"", ""service"": ""svc_2"", ""certificate"": ""cert_2"", ""server"": ""srv_1"", ""asn"": ""asn_6""}","[""unrelated_Y_0""]","[""PGP_UNRELATED_Y_0_385""]","[""WALLET_UNRELATED_Y_0_785""]","[""TRUST_unrelated_Y_0_4""]","[""market_2""]","[""unrelated_Y_0.example""]","[""cert_2""]","[{""certificate"": ""cert_2"", ""domain"": ""unrelated_Y_0.example""}]","[""svc_2""]",[],[],"[""onion_unrelated_Y_0_652""]","[""unrelated_Y_0:initial_persona""]"
same_actor_0_A,same_actor_0,same_actor_multi_identity,"[22, 19, 20, 21, 21, 23, 21, 23, 21, 22]",43.45195231440484,infra_32,2026-01-18 21:00:00,101.97877230176644,"[""message"", ""browse"", ""browse"", ""login"", ""withdraw"", ""post"", ""message"", ""message"", ""withdraw"", ""post"", ""login"", ""message"", ""post"", ""login"", ""login"", ""search"", ""message"", ""withdraw"", ""upload""]",True,False,True,False,"[0.1877, 0.2579, 1.0293, 0.5559, 0.5297, 0.7412]","[6.749, 14.267, 11.983, 17.548, 7.291]","[""cp_2"", ""cp_1"", ""cp_11"", ""cp_5""]","{""tls"": ""tls_5"", ""service"": ""svc_1"", ""certificate"": ""cert_3"", ""server"": ""srv_2"", ""asn"": ""asn_10""}","[""same_actor_0""]","[""PGP_SAME_ACTOR_0_371""]","[""WALLET_SAME_ACTOR_0_505""]","[""TRUST_same_actor_0_2""]","[""market_2""]","[""same_actor_0.example""]","[""cert_3""]","[{""certificate"": ""cert_3"", ""domain"": ""same_actor_0.example""}]","[""svc_1""]",[],[],"[""onion_same_actor_0_760""]","[""same_actor_0:initial_persona""]"
same_actor_0_B,same_actor_0,same_actor_multi_identity,"[21, 21, 21, 21, 22, 22, 22, 23, 22, 21]",45.101719688427174,infra_32,2026-06-13 08:00:00,143.55425402840666,"[""browse"", ""upload"", ""search"", ""browse"", ""search"", ""upload"", ""post"", ""post"", ""search"", ""upload"", ""message"", ""message"", ""search"", ""search"", ""search"", ""post"", ""post"", ""browse"", ""login"", ""post"", ""upload"", ""message"", ""message"", ""search"", ""browse"", ""search"", ""message"", ""message"", ""login"", ""withdraw"", ""upload"", ""login"", ""search"", ""withdraw"", ""message"", ""browse"", ""browse""]",False,True,False,False,"[0.2251, 0.3252, 1.0146, 0.5615, 0.4805, 0.8399]","[6.948, 13.619, 12.172, 18.446, 7.512]","[""cp_4"", ""cp_20""]","{""tls"": ""tls_5"", ""service"": ""svc_1"", ""certificate"": ""cert_3"", ""server"": ""srv_2"", ""asn"": ""asn_10""}","[""same_actor_0""]","[""PGP_SAME_ACTOR_0_540""]","[""WALLET_SAME_ACTOR_0_230""]","[""TRUST_same_actor_0_1""]","[""market_2""]","[""same_actor_0.example""]","[""cert_3""]","[{""certificate"": ""cert_3"", ""domain"": ""same_actor_0.example""}]","[""svc_1""]",[],[],"[""onion_same_actor_0_473""]","[""same_actor_0:initial_persona""]"
partial_0_A,partial_0,partial_overlap,"[14, 14, 12, 9]",62.94130759590548,infra_23,2026-03-07 01:00:00,137.3835849538028,"[""login"", ""message"", ""upload"", ""upload"", ""upload"", ""login"", ""post"", ""withdraw"", ""upload"", ""search"", ""search"", ""login"", ""post"", ""login"", ""browse"", ""message"", ""withdraw"", ""login"", ""login"", ""withdraw"", ""message"", ""browse"", ""search"", ""search"", ""post"", ""login"", ""message"", ""post"", ""search"", ""post"", ""post"", ""browse"", ""browse"", ""post""]",False,False,False,True,"[0.7278, 0.3109, 0.6617, 0.4834, 0.3695, 0.4958]","[8.634, 7.493, 14.011, 11.886, 8.743]","[""cp_13"", ""cp_16"", ""cp_13""]","{""tls"": ""tls_1"", ""service"": ""svc_6"", ""certificate"": ""cert_5"", ""server"": ""srv_5"", ""asn"": ""asn_11""}","[""partial_0""]","[""PGP_PARTIAL_0_512""]","[""WALLET_PARTIAL_0_813""]","[""TRUST_partial_0_3""]","[""market_3""]","[""partial_0.example""]","[""cert_5""]","[{""certificate"": ""cert_5"", ""domain"": ""partial_0.example""}]","[""svc_6""]",[],[],"[""onion_partial_0_230""]","[""partial_0:initial_persona""]"
partial_0_B,partial_0,partial_overlap,"[14, 13, 14, 15, 13, 15, 13, 13, 13]",40.88580775300178,infra_16,2026-02-26 05:00:00,43.93560438441152,"[""login"", ""browse"", ""search"", ""search"", ""withdraw"", ""upload"", ""upload"", ""browse"", ""message"", ""message"", ""search"", ""upload"", ""search"", ""search"", ""upload"", ""withdraw"", ""login"", ""login"", ""withdraw"", ""search"", ""withdraw"", ""post"", ""upload"", ""post"", ""message"", ""upload"", ""upload"", ""browse"", ""upload"", ""message"", ""login"", ""login"", ""search""]",False,True,False,True,"[0.2326, 0.7133, 0.8199, 0.7982, 0.8996, 0.8005]","[9.244, 12.244, 12.492, 6.235, 9.254]","[""cp_13"", ""cp_19""]","{""tls"": ""tls_3"", ""service"": ""svc_7"", ""certificate"": ""cert_8"", ""server"": ""srv_7"", ""asn"": ""asn_9""}","[""partial_0""]","[""PGP_PARTIAL_0_861""]","[""WALLET_PARTIAL_0_982""]","[""TRUST_partial_0_4""]","[""market_2""]","[""partial_0.example""]","[""cert_8""]","[{""certificate"": ""cert_8"", ""domain"": ""partial_0.example""}]","[""svc_7""]",[],[],"[""onion_partial_0_365""]","[""partial_0:initial_persona""]"
contradict_0_A,contradict_0,contradictory_evidence,"[18, 18, 19]",36.51183465725822,infra_FIXED_1,2026-01-18 20:00:00,52.48201292992806,"[""browse"", ""withdraw"", ""login"", ""search"", ""login"", ""post"", ""browse"", ""login"", ""search"", ""message"", ""search"", ""login"", ""withdraw"", ""search"", ""browse"", ""search"", ""withdraw"", ""search"", ""browse"", ""message"", ""withdraw""]",False,True,False,True,"[0.7152, 0.0961, 0.4318, 0.8685, 0.2773, 0.2335]","[9.553, 11.48, 10.12, 18.936, 8.921]","[""cp_16"", ""cp_4"", ""cp_14"", ""cp_12"", ""cp_15""]","{""tls"": ""tls_4"", ""service"": ""svc_3"", ""certificate"": ""cert_2"", ""server"": ""srv_8"", ""asn"": ""asn_1""}","[""contradict_0""]","[""PGP_CONTRADICT_0_271""]","[""WALLET_CONTRADICT_0_720""]","[""TRUST_contradict_0_5""]","[""market_3""]","[""contradict_0.example""]","[""cert_2""]","[{""certificate"": ""cert_2"", ""domain"": ""contradict_0.example""}]","[""svc_3""]",[],[],"[""onion_contradict_0_835""]","[""contradict_0:initial_persona""]"
contradict_0_B,contradict_0,contradictory_evidence,"[18, 18, 18, 18, 19, 6, 19]",57.263913613768,infra_FIXED_2_CONFLICT,2026-07-01 04:00:00,123.14180321667907,"[""login"", ""upload"", ""upload"", ""search"", ""browse"", ""browse"", ""message"", ""post"", ""upload"", ""login"", ""post"", ""message"", ""login"", ""withdraw"", ""message"", ""upload"", ""withdraw"", ""withdraw"", ""message"", ""upload"", ""login"", ""withdraw"", ""message"", ""message"", ""login"", ""upload"", ""message"", ""message"", ""message"", ""post"", ""browse"", ""login"", ""post"", ""message"", ""browse""]",False,False,False,True,"[0.7471, 0.0092, 0.4607, 0.9056, 0.1732, 0.2824]","[9.098, 11.076, 10.14, 18.129, 8.624]","[""cp_9"", ""cp_19"", ""cp_17"", ""cp_20"", ""cp_10""]","{""tls"": ""tls_5"", ""service"": ""svc_1"", ""certificate"": ""cert_6"", ""server"": ""srv_4"", ""asn"": ""asn_11""}","[""contradict_0""]","[""PGP_CONTRADICT_0_385""]","[""WALLET_CONTRADICT_0_561""]","[""TRUST_contradict_0_2""]","[""market_1""]","[""contradict_0.example""]","[""cert_6""]","[{""certificate"": ""cert_6"", ""domain"": ""contradict_0.example""}]","[""svc_1""]",[],[],"[""onion_contradict_0_575""]","[""contradict_0:initial_persona""]"
noisy_0_A,noisy_0,noisy_behavioral,"[16, 0, 5, 2, 2, 6, 5, 10, 8, 9, 8, 7, 8, 7]",22.119629380681374,infra_19,2026-04-23 10:00:00,81.39218999683928,"[""upload"", ""browse"", ""withdraw"", ""post"", ""login"", ""post"", ""message"", ""search"", ""post"", ""browse"", ""browse"", ""post"", ""search"", ""message"", ""withdraw"", ""login"", ""search"", ""withdraw"", ""message"", ""upload"", ""browse""]",False,True,False,True,"[0.151, 0.186, 0.029, 0.5873, 0.2537, 0.9964]","[12.664, 16.343, 7.337, 18.402, 12.495]","[""cp_15"", ""cp_3"", ""cp_20"", ""cp_2"", ""cp_14""]","{""tls"": ""tls_1"", ""service"": ""svc_5"", ""certificate"": ""cert_5"", ""server"": ""srv_8"", ""asn"": ""asn_8""}","[""noisy_0""]","[""PGP_NOISY_0_187""]","[""WALLET_NOISY_0_354""]","[""TRUST_noisy_0_1""]","[""market_3""]","[""noisy_0.example""]","[""cert_5""]","[{""certificate"": ""cert_5"", ""domain"": ""noisy_0.example""}]","[""svc_5""]",[],[],"[""onion_noisy_0_882""]","[""noisy_0:initial_persona""]"
noisy_0_B,noisy_0,noisy_behavioral,"[1, 0, 5, 1, 7, 4, 3, 10, 9, 12, 16]",28.71389345147154,infra_19,2026-07-08 10:00:00,171.31826224134875,"[""upload"", ""search"", ""browse"", ""post"", ""message"", ""withdraw"", ""post"", ""message"", ""upload"", ""login"", ""upload"", ""browse"", ""browse"", ""login"", ""withdraw"", ""search"", ""post"", ""login"", ""post"", ""message"", ""withdraw"", ""browse"", ""withdraw"", ""upload"", ""browse"", ""post"", ""search"", ""browse"", ""upload"", ""browse"", ""login"", ""search"", ""post"", ""upload"", ""login""]",True,False,False,True,"[0.2184, 0.1725, 0.024, 0.6084, 0.3169, 0.9232]","[14.481, 15.616, 7.292, 17.2, 12.399]","[""cp_8"", ""cp_15"", ""cp_18"", ""cp_5"", ""cp_13""]","{""tls"": ""tls_1"", ""service"": ""svc_5"", ""certificate"": ""cert_5"", ""server"": ""srv_8"", ""asn"": ""asn_8""}","[""noisy_0""]","[""PGP_NOISY_0_384""]","[""WALLET_NOISY_0_285""]","[""TRUST_noisy_0_5""]","[""market_4""]","[""noisy_0.example""]","[""cert_5""]","[{""certificate"": ""cert_5"", ""domain"": ""noisy_0.example""}]","[""svc_5""]",[],[],"[""onion_noisy_0_750""]","[""noisy_0:initial_persona""]"
privacy_user_1_A,privacy_user_1,legitimate_privacy_user,"[6, 7, 5, 6, 6, 7, 6, 4]",64.31997680695271,infra_39,2026-05-10 08:00:00,70.74689353493588,"[""browse"", ""upload"", ""search"", ""message"", ""message"", ""withdraw"", ""login"", ""upload"", ""login"", ""browse"", ""search"", ""message"", ""search"", ""login"", ""search"", ""withdraw"", ""upload"", ""message"", ""login""]",True,True,True,True,"[0.5257, 0.8425, 0.8441, 0.3397, 0.848, 0.4145]","[12.22, 12.999, 7.861, 13.142, 6.815]","[""cp_18"", ""cp_2"", ""cp_20"", ""cp_3"", ""cp_8""]","{""tls"": ""tls_3"", ""service"": ""svc_7"", ""certificate"": ""cert_4"", ""server"": ""srv_4"", ""asn"": ""asn_10""}","[""privacy_user_1""]","[""PGP_PRIVACY_USER_1_976""]","[""WALLET_PRIVACY_USER_1_894""]","[""TRUST_privacy_user_1_4""]","[""market_2""]","[""privacy_user_1.example""]","[""cert_4""]","[{""certificate"": ""cert_4"", ""domain"": ""privacy_user_1.example""}]","[""svc_7""]",[],[],"[""onion_privacy_user_1_425""]","[""privacy_user_1:initial_persona""]"
unrelated_X_1_A,unrelated_X_1,independent_unrelated_users,"[14, 21, 20, 19, 19, 19, 20, 19, 20, 22, 23, 21]",52.15616126229812,infra_41,2026-06-30 03:00:00,13.857506471164555,"[""login"", ""upload"", ""search"", ""message"", ""search"", ""search"", ""post"", ""withdraw"", ""search"", ""message"", ""post"", ""login"", ""post"", ""withdraw"", ""message"", ""login"", ""search"", ""login"", ""search"", ""login"", ""login"", ""search"", ""post"", ""login"", ""browse"", ""login"", ""login"", ""browse"", ""message"", ""search"", ""upload"", ""browse"", ""withdraw"", ""message""]",False,True,True,False,"[0.7235, 0.2152, 0.2542, 0.103, 0.9696, 0.7723]","[7.604, 8.811, 11.191, 6.198, 9.246]","[""cp_7"", ""cp_5"", ""cp_18""]","{""tls"": ""tls_2"", ""service"": ""svc_2"", ""certificate"": ""cert_3"", ""server"": ""srv_2"", ""asn"": ""asn_10""}","[""unrelated_X_1""]","[""PGP_UNRELATED_X_1_609""]","[""WALLET_UNRELATED_X_1_697""]","[""TRUST_unrelated_X_1_2""]","[""market_2""]","[""unrelated_X_1.example""]","[""cert_3""]","[{""certificate"": ""cert_3"", ""domain"": ""unrelated_X_1.example""}]","[""svc_2""]",[],[],"[""onion_unrelated_X_1_572""]","[""unrelated_X_1:initial_persona""]"
unrelated_Y_1_A,unrelated_Y_1,independent_unrelated_users,"[20, 18, 18, 19, 20, 21, 21, 21, 21, 20, 21, 20]",57.018265475833175,infra_24,2026-03-17 23:00:00,104.2837263260128,"[""withdraw"", ""upload"", ""message"", ""browse"", ""login"", ""message"", ""post"", ""upload"", ""upload"", ""post"", ""search"", ""message"", ""browse"", ""login"", ""message"", ""withdraw"", ""login"", ""message"", ""browse"", ""upload"", ""message"", ""post"", ""browse"", ""search"", ""search"", ""upload"", ""browse"", ""login"", ""post"", ""login""]",False,False,True,True,"[0.5928, 0.8478, 0.8111, 0.2609, 0.8256, 0.4461]","[7.993, 5.979, 5.363, 13.485, 8.779]","[""cp_19"", ""cp_7"", ""cp_3""]","{""tls"": ""tls_4"", ""service"": ""svc_1"", ""certificate"": ""cert_5"", ""server"": ""srv_2"", ""asn"": ""asn_8""}","[""unrelated_Y_1""]","[""PGP_UNRELATED_Y_1_698""]","[""WALLET_UNRELATED_Y_1_490""]","[""TRUST_unrelated_Y_1_3""]","[""market_3""]","[""unrelated_Y_1.example""]","[""cert_5""]","[{""certificate"": ""cert_5"", ""domain"": ""unrelated_Y_1.example""}]","[""svc_1""]",[],[],"[""onion_unrelated_Y_1_791""]","[""unrelated_Y_1:initial_persona""]"
same_actor_1_A,same_actor_1,same_actor_multi_identity,"[17, 17, 17, 16, 18, 17, 16, 16, 6, 7, 7, 7, 6, 5, 6]",31.624938888784406,infra_38,2026-05-31 10:00:00,106.73855184150798,"[""message"", ""post"", ""login"", ""upload"", ""browse"", ""browse"", ""search"", ""browse"", ""browse"", ""upload"", ""browse"", ""login"", ""login"", ""message"", ""search"", ""post"", ""withdraw"", ""browse"", ""withdraw"", ""withdraw"", ""withdraw"", ""message"", ""login""]",True,True,False,False,"[0.2276, 0.9088, 0.3324, 0.1841, 0.9379, 0.0165]","[18.042, 6.541, 7.162, 8.121, 7.191]","[""cp_10"", ""cp_20""]","{""tls"": ""tls_1"", ""service"": ""svc_2"", ""certificate"": ""cert_1"", ""server"": ""srv_6"", ""asn"": ""asn_4""}","[""same_actor_1""]","[""PGP_SAME_ACTOR_1_844""]","[""WALLET_SAME_ACTOR_1_902""]","[""TRUST_same_actor_1_5""]","[""market_1""]","[""same_actor_1.example""]","[""cert_1""]","[{""certificate"": ""cert_1"", ""domain"": ""same_actor_1.example""}]","[""svc_2""]",[],[],"[""onion_same_actor_1_569""]","[""same_actor_1:initial_persona""]"
same_actor_1_B,same_actor_1,same_actor_multi_identity,"[17, 4, 16, 17, 18, 6, 6, 7, 5, 5, 6]",46.90352741765375,infra_38,2026-03-21 11:00:00,71.4397053329029,"[""message"", ""post"", ""search"", ""withdraw"", ""browse"", ""message"", ""upload"", ""browse"", ""message"", ""login"", ""login"", ""withdraw"", ""upload"", ""withdraw"", ""login"", ""message"", ""browse"", ""post"", ""upload"", ""withdraw"", ""browse"", ""browse"", ""post"", ""message"", ""post"", ""search"", ""post"", ""search""]",True,True,True,False,"[0.2559, 0.917, 0.3646, 0.1799, 0.9479, 0.0295]","[17.344, 6.846, 6.83, 8.67, 8.111]","[""cp_5"", ""cp_13"", ""cp_18""]","{""tls"": ""tls_1"", ""service"": ""svc_2"", ""certificate"": ""cert_1"", ""server"": ""srv_6"", ""asn"": ""asn_4""}","[""same_actor_1""]","[""PGP_SAME_ACTOR_1_723""]","[""WALLET_SAME_ACTOR_1_773""]","[""TRUST_same_actor_1_3""]","[""market_1""]","[""same_actor_1.example""]","[""cert_1""]","[{""certificate"": ""cert_1"", ""domain"": ""same_actor_1.example""}]","[""svc_2""]",[],[],"[""onion_same_actor_1_284""]","[""same_actor_1:initial_persona""]"
partial_1_A,partial_1,partial_overlap,"[23, 21, 23, 23, 22, 21]",49.18840497722594,infra_15,2026-01-05 14:00:00,134.9128309396025,"[""post"", ""post"", ""withdraw"", ""post"", ""search"", ""search"", ""login"", ""browse"", ""post"", ""search"", ""login"", ""upload"", ""upload"", ""search"", ""withdraw"", ""search"", ""withdraw"", ""upload"", ""login"", ""withdraw"", ""login"", ""login"", ""withdraw""]",False,False,False,True,"[0.5317, 0.9209, 0.7589, 0.0141, 0.8319, 0.0292]","[6.981, 10.462, 10.408, 7.558, 14.809]","[""cp_15"", ""cp_10"", ""cp_9"", ""cp_19"", ""cp_2""]","{""tls"": ""tls_5"", ""service"": ""svc_4"", ""certificate"": ""cert_6"", ""server"": ""srv_2"", ""asn"": ""asn_7""}","[""partial_1""]","[""PGP_PARTIAL_1_546""]","[""WALLET_PARTIAL_1_703""]","[""TRUST_partial_1_4""]","[""market_2""]","[""partial_1.example""]","[""cert_6""]","[{""certificate"": ""cert_6"", ""domain"": ""partial_1.example""}]","[""svc_4""]",[],[],"[""onion_partial_1_180""]","[""partial_1:initial_persona""]"
partial_1_B,partial_1,partial_overlap,"[23, 22, 1, 23, 23, 22, 0, 22, 21, 20, 19, 21, 21, 20, 20]",34.378025182622764,infra_23,2026-01-24 19:00:00,27.241565069435154,"[""withdraw"", ""browse"", ""login"", ""login"", ""upload"", ""withdraw"", ""message"", ""browse"", ""message"", ""message"", ""post"", ""post"", ""message"", ""search"", ""upload"", ""post"", ""post"", ""post"", ""post"", ""browse"", ""message"", ""search"", ""search"", ""browse"", ""withdraw"", ""search"", ""withdraw"", ""search"", ""login"", ""withdraw"", ""browse"", ""login"", ""message"", ""search"", ""withdraw"", ""post""]",False,True,True,False,"[0.4664, 0.283, 0.3432, -0.0032, 0.8307, 0.0623]","[13.286, 7.887, 11.547, 13.785, 2.454]","[""cp_15"", ""cp_2"", ""cp_14""]","{""tls"": ""tls_4"", ""service"": ""svc_1"", ""certificate"": ""cert_6"", ""server"": ""srv_2"", ""asn"": ""asn_9""}","[""partial_1""]","[""PGP_PARTIAL_1_353""]","[""WALLET_PARTIAL_1_824""]","[""TRUST_partial_1_4""]","[""market_1""]","[""partial_1.example""]","[""cert_6""]","[{""certificate"": ""cert_6"", ""domain"": ""partial_1.example""}]","[""svc_1""]",[],[],"[""onion_partial_1_636""]","[""partial_1:initial_persona""]"
contradict_1_A,contradict_1,contradictory_evidence,"[12, 11, 11, 12, 11, 11]",37.112461285381954,infra_FIXED_1,2026-02-21 19:00:00,149.6595058621968,"[""search"", ""login"", ""upload"", ""upload"", ""withdraw"", ""browse"", ""browse"", ""browse"", ""message"", ""post"", ""search"", ""post"", ""withdraw"", ""login"", ""withdraw"", ""withdraw"", ""upload"", ""browse"", ""search""]",True,True,True,True,"[0.7008, 0.2665, 0.3799, 0.206, 0.7266, 0.4411]","[13.784, 8.516, 16.87, 13.195, 17.31]","[""cp_3"", ""cp_4"", ""cp_16"", ""cp_20"", ""cp_18""]","{""tls"": ""tls_3"", ""service"": ""svc_6"", ""certificate"": ""cert_10"", ""server"": ""srv_8"", ""asn"": ""asn_8""}","[""contradict_1""]","[""PGP_CONTRADICT_1_193""]","[""WALLET_CONTRADICT_1_327""]","[""TRUST_contradict_1_4""]","[""market_4""]","[""contradict_1.example""]","[""cert_10""]","[{""certificate"": ""cert_10"", ""domain"": ""contradict_1.example""}]","[""svc_6""]",[],[],"[""onion_contradict_1_127""]","[""contradict_1:initial_persona""]"
contradict_1_B,contradict_1,contradictory_evidence,"[2, 11, 11, 10, 11, 11]",56.822193696226094,infra_FIXED_2_CONFLICT,2026-01-05 20:00:00,181.9587153436255,"[""login"", ""upload"", ""login"", ""post"", ""search"", ""post"", ""browse"", ""login"", ""search"", ""upload"", ""browse"", ""message"", ""post"", ""browse"", ""search"", ""post"", ""browse"", ""message"", ""message"", ""withdraw"", ""upload"", ""search"", ""withdraw"", ""upload"", ""message"", ""browse"", ""search"", ""login"", ""post""]",True,False,True,False,"[0.6087, 0.2005, 0.4406, 0.3178, 0.7901, 0.4211]","[12.667, 8.747, 17.647, 13.665, 18.499]","[""cp_4"", ""cp_12"", ""cp_14"", ""cp_13""]","{""tls"": ""tls_3"", ""service"": ""svc_7"", ""certificate"": ""cert_7"", ""server"": ""srv_7"", ""asn"": ""asn_3""}","[""contradict_1""]","[""PGP_CONTRADICT_1_499""]","[""WALLET_CONTRADICT_1_994""]","[""TRUST_contradict_1_4""]","[""market_1""]","[""contradict_1.example""]","[""cert_7""]","[{""certificate"": ""cert_7"", ""domain"": ""contradict_1.example""}]","[""svc_7""]",[],[],"[""onion_contradict_1_750""]","[""contradict_1:initial_persona""]"
noisy_1_A,noisy_1,noisy_behavioral,"[22, 20, 0, 20, 2, 2, 22, 12, 16, 16, 14, 18, 19, 13]",77.59285869593458,infra_25,2026-06-19 09:00:00,176.18571671616505,"[""post"", ""login"", ""upload"", ""browse"", ""search"", ""login"", ""search"", ""message"", ""login"", ""message"", ""login"", ""browse"", ""withdraw"", ""withdraw"", ""message"", ""message"", ""search"", ""post"", ""login"", ""login"", ""login"", ""login"", ""post"", ""search"", ""message"", ""withdraw"", ""post"", ""browse"", ""post""]",False,True,False,True,"[0.3154, 0.2505, 0.6237, 0.4016, 0.7885, 0.2785]","[6.686, 10.892, 12.02, 19.92, 9.395]","[""cp_15"", ""cp_18"", ""cp_5"", ""cp_20""]","{""tls"": ""tls_3"", ""service"": ""svc_3"", ""certificate"": ""cert_2"", ""server"": ""srv_2"", ""asn"": ""asn_6""}","[""noisy_1""]","[""PGP_NOISY_1_472""]","[""WALLET_NOISY_1_625""]","[""TRUST_noisy_1_2""]","[""market_4""]","[""noisy_1.example""]","[""cert_2""]","[{""certificate"": ""cert_2"", ""domain"": ""noisy_1.example""}]","[""svc_3""]",[],[],"[""onion_noisy_1_246""]","[""noisy_1:initial_persona""]"
noisy_1_B,noisy_1,noisy_behavioral,"[23, 21, 1, 22, 10, 20, 14, 9]",40.00075789586267,infra_25,2026-01-23 02:00:00,108.33171002210484,"[""post"", ""withdraw"", ""withdraw"", ""post"", ""post"", ""login"", ""withdraw"", ""login"", ""withdraw"", ""message"", ""search"", ""withdraw"", ""browse"", ""search"", ""search"", ""browse"", ""browse"", ""browse"", ""login"", ""search"", ""withdraw"", ""message"", ""login"", ""post"", ""search"", ""withdraw"", ""upload"", ""withdraw"", ""login"", ""browse"", ""upload"", ""login"", ""withdraw"", ""message"", ""login""]",False,False,False,False,"[0.4072, 0.1149, 0.8761, 0.3555, 0.7374, 0.2779]","[4.945, 13.045, 12.297, 19.447, 7.11]","[""cp_15"", ""cp_3"", ""cp_2"", ""cp_6""]","{""tls"": ""tls_3"", ""service"": ""svc_3"", ""certificate"": ""cert_2"", ""server"": ""srv_2"", ""asn"": ""asn_6""}","[""noisy_1""]","[""PGP_NOISY_1_231""]","[""WALLET_NOISY_1_999""]","[""TRUST_noisy_1_5""]","[""market_3""]","[""noisy_1.example""]","[""cert_2""]","[{""certificate"": ""cert_2"", ""domain"": ""noisy_1.example""}]","[""svc_3""]",[],[],"[""onion_noisy_1_701""]","[""noisy_1:initial_persona""]"
privacy_user_2_A,privacy_user_2,legitimate_privacy_user,"[13, 13, 15]",56.627825247515084,infra_27,2026-03-30 12:00:00,129.78671066262473,"[""search"", ""login"", ""login"", ""upload"", ""message"", ""withdraw"", ""browse"", ""search"", ""browse"", ""upload"", ""post"", ""message"", ""login"", ""message"", ""search"", ""upload"", ""message"", ""browse"", ""upload"", ""browse"", ""withdraw"", ""withdraw"", ""post"", ""message"", ""withdraw"", ""message"", ""browse"", ""upload"", ""withdraw"", ""upload"", ""search"", ""withdraw"", ""message"", ""search""]",True,True,True,True,"[0.517, 0.2393, 0.5661, 0.296, 0.6798, 0.7424]","[10.018, 11.354, 9.262, 12.86, 8.303]","[""cp_5"", ""cp_4""]","{""tls"": ""tls_2"", ""service"": ""svc_7"", ""certificate"": ""cert_6"", ""server"": ""srv_6"", ""asn"": ""asn_4""}","[""privacy_user_2""]","[""PGP_PRIVACY_USER_2_627""]","[""WALLET_PRIVACY_USER_2_578""]","[""TRUST_privacy_user_2_4""]","[""market_4""]","[""privacy_user_2.example""]","[""cert_6""]","[{""certificate"": ""cert_6"", ""domain"": ""privacy_user_2.example""}]","[""svc_7""]",[],[],"[""onion_privacy_user_2_609""]","[""privacy_user_2:initial_persona""]"
unrelated_X_2_A,unrelated_X_2,independent_unrelated_users,"[21, 19, 20, 19, 19, 21, 20, 19, 21, 21, 21, 22, 21, 20]",58.829926821239596,infra_26,2026-04-13 16:00:00,165.51375501825987,"[""login"", ""post"", ""withdraw"", ""post"", ""withdraw"", ""message"", ""login"", ""upload"", ""withdraw"", ""upload"", ""message"", ""post"", ""upload"", ""withdraw"", ""message"", ""withdraw""]",False,False,False,False,"[0.3868, 0.9903, 0.5374, 0.2777, 0.1161, 0.599]","[11.289, 8.976, 12.387, 8.902, 6.751]","[""cp_20"", ""cp_16"", ""cp_7"", ""cp_8""]","{""tls"": ""tls_3"", ""service"": ""svc_5"", ""certificate"": ""cert_6"", ""server"": ""srv_8"", ""asn"": ""asn_12""}","[""unrelated_X_2""]","[""PGP_UNRELATED_X_2_586""]","[""WALLET_UNRELATED_X_2_935""]","[""TRUST_unrelated_X_2_1""]","[""market_3""]","[""unrelated_X_2.example""]","[""cert_6""]","[{""certificate"": ""cert_6"", ""domain"": ""unrelated_X_2.example""}]","[""svc_5""]",[],[],"[""onion_unrelated_X_2_439""]","[""unrelated_X_2:initial_persona""]"
unrelated_Y_2_A,unrelated_Y_2,independent_unrelated_users,"[20, 21, 21, 21, 22, 21, 20, 22, 0, 20, 22, 20]",42.1484057930773,infra_18,2026-06-30 15:00:00,151.89902082833385,"[""search"", ""browse"", ""login"", ""withdraw"", ""post"", ""withdraw"", ""login"", ""login"", ""search"", ""browse"", ""post"", ""upload"", ""search"", ""post"", ""browse"", ""search""]",False,False,False,False,"[0.4996, 0.2059, 1.0152, 0.3791, 0.253, 0.2035]","[11.513, 8.696, 7.374, 15.498, 9.311]","[""cp_2"", ""cp_1"", ""cp_10"", ""cp_19""]","{""tls"": ""tls_2"", ""service"": ""svc_3"", ""certificate"": ""cert_1"", ""server"": ""srv_5"", ""asn"": ""asn_12""}","[""unrelated_Y_2""]","[""PGP_UNRELATED_Y_2_552""]","[""WALLET_UNRELATED_Y_2_771""]","[""TRUST_unrelated_Y_2_3""]","[""market_3""]","[""unrelated_Y_2.example""]","[""cert_1""]","[{""certificate"": ""cert_1"", ""domain"": ""unrelated_Y_2.example""}]","[""svc_3""]",[],[],"[""onion_unrelated_Y_2_590""]","[""unrelated_Y_2:initial_persona""]"
same_actor_2_A,same_actor_2,same_actor_multi_identity,"[19, 20, 20, 19, 20, 2, 3, 4, 4, 3, 3, 2, 3]",23.456132228140547,infra_22,2026-03-28 09:00:00,106.20064696551006,"[""search"", ""post"", ""login"", ""search"", ""withdraw"", ""search"", ""search"", ""browse"", ""withdraw"", ""upload"", ""withdraw"", ""login"", ""message"", ""browse"", ""withdraw"", ""browse"", ""browse"", ""search"", ""withdraw"", ""withdraw"", ""post""]",False,True,False,False,"[0.2079, 0.9543, 0.5877, 0.5818, 1.0133, 0.7946]","[11.723, 7.864, 6.472, 7.046, 12.276]","[""cp_7"", ""cp_19""]","{""tls"": ""tls_3"", ""service"": ""svc_6"", ""certificate"": ""cert_3"", ""server"": ""srv_1"", ""asn"": ""asn_12""}","[""same_actor_2""]","[""PGP_SAME_ACTOR_2_367""]","[""WALLET_SAME_ACTOR_2_492""]","[""TRUST_same_actor_2_2""]","[""market_1""]","[""same_actor_2.example""]","[""cert_3""]","[{""certificate"": ""cert_3"", ""domain"": ""same_actor_2.example""}]","[""svc_6""]",[],[],"[""onion_same_actor_2_871""]","[""same_actor_2:initial_persona""]"
same_actor_2_B,same_actor_2,same_actor_multi_identity,"[19, 19, 19, 18, 20, 19, 18, 2, 4, 3, 2, 2, 0]",61.574519022644544,infra_22,2026-05-06 02:00:00,113.99004005901104,"[""withdraw"", ""upload"", ""withdraw"", ""upload"", ""search"", ""post"", ""post"", ""upload"", ""message"", ""post"", ""message"", ""post"", ""login"", ""search"", ""browse"", ""browse"", ""search"", ""login"", ""upload"", ""withdraw"", ""search"", ""browse"", ""post"", ""post"", ""browse"", ""browse"", ""withdraw"", ""browse"", ""upload"", ""withdraw"", ""login"", ""login"", ""search"", ""browse"", ""post"", ""login"", ""browse"", ""upload""]",False,False,False,False,"[0.3283, 0.9569, 0.5683, 0.503, 0.883, 0.8837]","[11.045, 7.514, 6.637, 7.575, 11.882]","[""cp_17"", ""cp_10"", ""cp_8""]","{""tls"": ""tls_3"", ""service"": ""svc_6"", ""certificate"": ""cert_3"", ""server"": ""srv_1"", ""asn"": ""asn_12""}","[""same_actor_2""]","[""PGP_SAME_ACTOR_2_146""]","[""WALLET_SAME_ACTOR_2_533""]","[""TRUST_same_actor_2_3""]","[""market_1""]","[""same_actor_2.example""]","[""cert_3""]","[{""certificate"": ""cert_3"", ""domain"": ""same_actor_2.example""}]","[""svc_6""]",[],[],"[""onion_same_actor_2_165""]","[""same_actor_2:initial_persona""]"
partial_2_A,partial_2,partial_overlap,"[22, 23, 21, 0]",41.150599197485434,infra_37,2026-06-19 16:00:00,121.20981633457072,"[""browse"", ""upload"", ""search"", ""message"", ""browse"", ""withdraw"", ""login"", ""search"", ""post"", ""browse"", ""message"", ""upload"", ""login"", ""withdraw"", ""withdraw"", ""browse"", ""search"", ""browse"", ""post"", ""search"", ""search"", ""withdraw"", ""login"", ""login"", ""withdraw"", ""post"", ""upload"", ""post"", ""search"", ""message"", ""message"", ""browse"", ""post"", ""post"", ""login""]",True,False,False,True,"[0.3266, 0.6395, 0.7855, 0.3662, 0.3819, 0.0677]","[7.775, 7.747, 1.969, 10.221, 14.177]","[""cp_13"", ""cp_8"", ""cp_18""]","{""tls"": ""tls_5"", ""service"": ""svc_3"", ""certificate"": ""cert_7"", ""server"": ""srv_7"", ""asn"": ""asn_3""}","[""partial_2""]","[""PGP_PARTIAL_2_288""]","[""WALLET_PARTIAL_2_872""]","[""TRUST_partial_2_5""]","[""market_4""]","[""partial_2.example""]","[""cert_7""]","[{""certificate"": ""cert_7"", ""domain"": ""partial_2.example""}]","[""svc_3""]",[],[],"[""onion_partial_2_346""]","[""partial_2:initial_persona""]"
partial_2_B,partial_2,partial_overlap,"[21, 22, 23, 20, 23, 22, 0, 1]",16.652464099265313,infra_21,2026-05-08 14:00:00,108.54059078839327,"[""search"", ""login"", ""browse"", ""search"", ""browse"", ""upload"", ""post"", ""search"", ""login"", ""post"", ""browse"", ""login"", ""post"", ""browse"", ""post"", ""withdraw"", ""upload""]",False,False,False,False,"[0.8092, 0.4955, 0.6156, 0.2653, 0.2798, 0.5541]","[8.52, 6.693, 11.986, 10.302, 11.658]","[""cp_16"", ""cp_1"", ""cp_1"", ""cp_18"", ""cp_18""]","{""tls"": ""tls_3"", ""service"": ""svc_5"", ""certificate"": ""cert_10"", ""server"": ""srv_7"", ""asn"": ""asn_5""}","[""partial_2""]","[""PGP_PARTIAL_2_437""]","[""WALLET_PARTIAL_2_335""]","[""TRUST_partial_2_4""]","[""market_2""]","[""partial_2.example""]","[""cert_10""]","[{""certificate"": ""cert_10"", ""domain"": ""partial_2.example""}]","[""svc_5""]",[],[],"[""onion_partial_2_953""]","[""partial_2:initial_persona""]"
contradict_2_A,contradict_2,contradictory_evidence,"[13, 13, 13, 13, 14]",50.64570529202152,infra_FIXED_1,2026-04-14 14:00:00,124.53463282987464,"[""withdraw"", ""withdraw"", ""login"", ""browse"", ""post"", ""search"", ""message"", ""browse"", ""post"", ""withdraw"", ""post"", ""search"", ""search"", ""login"", ""search"", ""upload"", ""browse"", ""message"", ""post"", ""withdraw"", ""post"", ""withdraw"", ""search""]",False,False,False,True,"[-0.1278, 0.469, 0.2862, 1.0525, 0.0592, 0.7537]","[15.854, 16.173, 19.216, 6.984, 6.22]","[""cp_3"", ""cp_17"", ""cp_12""]","{""tls"": ""tls_2"", ""service"": ""svc_2"", ""certificate"": ""cert_4"", ""server"": ""srv_5"", ""asn"": ""asn_6""}","[""contradict_2""]","[""PGP_CONTRADICT_2_184""]","[""WALLET_CONTRADICT_2_611""]","[""TRUST_contradict_2_4""]","[""market_2""]","[""contradict_2.example""]","[""cert_4""]","[{""certificate"": ""cert_4"", ""domain"": ""contradict_2.example""}]","[""svc_2""]",[],[],"[""onion_contradict_2_903""]","[""contradict_2:initial_persona""]"
contradict_2_B,contradict_2,contradictory_evidence,"[13, 13, 13]",25.86008202191867,infra_FIXED_2_CONFLICT,2026-01-14 03:00:00,167.92954907444314,"[""login"", ""upload"", ""message"", ""message"", ""browse"", ""browse"", ""browse"", ""message"", ""upload"", ""message"", ""search"", ""message"", ""browse"", ""post"", ""browse"", ""post"", ""upload"", ""upload"", ""withdraw""]",False,False,True,True,"[-0.0763, 0.5662, 0.2286, 1.0496, 0.0654, 0.7991]","[15.136, 16.923, 18.326, 8.774, 5.789]","[""cp_20"", ""cp_20""]","{""tls"": ""tls_3"", ""service"": ""svc_7"", ""certificate"": ""cert_7"", ""server"": ""srv_2"", ""asn"": ""asn_6""}","[""contradict_2""]","[""PGP_CONTRADICT_2_290""]","[""WALLET_CONTRADICT_2_796""]","[""TRUST_contradict_2_5""]","[""market_4""]","[""contradict_2.example""]","[""cert_7""]","[{""certificate"": ""cert_7"", ""domain"": ""contradict_2.example""}]","[""svc_7""]",[],[],"[""onion_contradict_2_489""]","[""contradict_2:initial_persona""]"
noisy_2_A,noisy_2,noisy_behavioral,"[14, 12, 10, 11, 13, 5, 4, 9, 17, 23, 17, 11, 9, 14, 7]",37.52816846280194,infra_1,2026-03-12 13:00:00,97.87041763233432,"[""post"", ""login"", ""upload"", ""search"", ""upload"", ""browse"", ""upload"", ""withdraw"", ""upload"", ""withdraw"", ""upload"", ""withdraw"", ""withdraw"", ""search"", ""login"", ""upload"", ""withdraw"", ""browse"", ""search"", ""message"", ""login"", ""search"", ""withdraw"", ""withdraw"", ""login"", ""browse"", ""browse"", ""search"", ""post"", ""login"", ""login"", ""message"", ""post"", ""login"", ""withdraw"", ""browse""]",False,False,False,False,"[0.265, 0.4709, 0.0075, 0.9932, 0.8946, 0.9206]","[13.004, 7.025, 10.765, 7.144, 8.452]","[""cp_14"", ""cp_4"", ""cp_1"", ""cp_4""]","{""tls"": ""tls_4"", ""service"": ""svc_2"", ""certificate"": ""cert_2"", ""server"": ""srv_3"", ""asn"": ""asn_7""}","[""noisy_2""]","[""PGP_NOISY_2_550""]","[""WALLET_NOISY_2_442""]","[""TRUST_noisy_2_4""]","[""market_3""]","[""noisy_2.example""]","[""cert_2""]","[{""certificate"": ""cert_2"", ""domain"": ""noisy_2.example""}]","[""svc_2""]",[],[],"[""onion_noisy_2_943""]","[""noisy_2:initial_persona""]"
noisy_2_B,noisy_2,noisy_behavioral,"[10, 11, 13, 9, 8, 5, 12, 12]",26.961670021129848,infra_1,2026-03-08 07:00:00,99.45416694241382,"[""post"", ""search"", ""upload"", ""login"", ""post"", ""post"", ""login"", ""login"", ""upload"", ""upload"", ""browse"", ""login"", ""withdraw"", ""post"", ""upload"", ""withdraw"", ""upload"", ""upload"", ""browse"", ""login"", ""post"", ""post"", ""message"", ""search"", ""login"", ""search"", ""search"", ""browse"", ""withdraw""]",True,False,True,True,"[0.2315, 0.3837, 0.0275, 0.8694, 0.8583, 0.9948]","[13.71, 6.62, 10.067, 7.081, 9.842]","[""cp_4"", ""cp_9"", ""cp_16"", ""cp_17"", ""cp_11""]","{""tls"": ""tls_4"", ""service"": ""svc_2"", ""certificate"": ""cert_2"", ""server"": ""srv_3"", ""asn"": ""asn_7""}","[""noisy_2""]","[""PGP_NOISY_2_218""]","[""WALLET_NOISY_2_951""]","[""TRUST_noisy_2_2""]","[""market_1""]","[""noisy_2.example""]","[""cert_2""]","[{""certificate"": ""cert_2"", ""domain"": ""noisy_2.example""}]","[""svc_2""]",[],[],"[""onion_noisy_2_419""]","[""noisy_2:initial_persona""]"
privacy_user_3_A,privacy_user_3,legitimate_privacy_user,"[19, 20, 20, 19]",27.477073181581797,infra_25,2026-06-30 09:00:00,118.40277874932288,"[""upload"", ""upload"", ""login"", ""search"", ""upload"", ""upload"", ""post"", ""browse"", ""withdraw"", ""browse"", ""search"", ""search"", ""post"", ""message"", ""browse"", ""message"", ""post"", ""withdraw"", ""message"", ""post"", ""search"", ""upload"", ""withdraw"", ""login"", ""search"", ""search"", ""upload"", ""withdraw"", ""withdraw"", ""browse"", ""withdraw"", ""browse"", ""message"", ""search"", ""withdraw"", ""search""]",True,True,True,True,"[0.6573, 0.6453, 0.3153, 0.8251, 0.5791, 0.8155]","[11.492, 8.841, 11.184, 6.911, 12.606]","[""cp_18"", ""cp_2"", ""cp_15"", ""cp_18""]","{""tls"": ""tls_5"", ""service"": ""svc_4"", ""certificate"": ""cert_7"", ""server"": ""srv_3"", ""asn"": ""asn_8""}","[""privacy_user_3""]","[""PGP_PRIVACY_USER_3_668""]","[""WALLET_PRIVACY_USER_3_270""]","[""TRUST_privacy_user_3_4""]","[""market_2""]","[""privacy_user_3.example""]","[""cert_7""]","[{""certificate"": ""cert_7"", ""domain"": ""privacy_user_3.example""}]","[""svc_4""]",[],[],"[""onion_privacy_user_3_243""]","[""privacy_user_3:initial_persona""]"
unrelated_X_3_A,unrelated_X_3,independent_unrelated_users,"[20, 20, 21, 21, 19, 0, 19, 22, 20, 21, 20]",43.179762605504905,infra_14,2026-04-26 08:00:00,161.08359732905478,"[""browse"", ""login"", ""search"", ""search"", ""browse"", ""upload"", ""withdraw"", ""login"", ""message"", ""login"", ""message"", ""upload"", ""upload"", ""message"", ""withdraw"", ""browse"", ""search"", ""search"", ""search"", ""login"", ""browse"", ""login"", ""upload"", ""login"", ""login"", ""login"", ""message"", ""search"", ""browse""]",False,True,False,False,"[0.9363, 0.1774, 0.6818, 0.811, 0.3036, 0.963]","[11.487, 6.292, 7.207, 13.812, 8.786]","[""cp_9"", ""cp_11"", ""cp_10"", ""cp_11"", ""cp_18""]","{""tls"": ""tls_2"", ""service"": ""svc_7"", ""certificate"": ""cert_4"", ""server"": ""srv_4"", ""asn"": ""asn_1""}","[""unrelated_X_3""]","[""PGP_UNRELATED_X_3_645""]","[""WALLET_UNRELATED_X_3_387""]","[""TRUST_unrelated_X_3_5""]","[""market_3""]","[""unrelated_X_3.example""]","[""cert_4""]","[{""certificate"": ""cert_4"", ""domain"": ""unrelated_X_3.example""}]","[""svc_7""]",[],[],"[""onion_unrelated_X_3_272""]","[""unrelated_X_3:initial_persona""]"
unrelated_Y_3_A,unrelated_Y_3,independent_unrelated_users,"[19, 20, 20, 19, 20, 22, 18]",58.306824580941466,infra_37,2026-06-10 14:00:00,136.92403661311334,"[""search"", ""browse"", ""browse"", ""message"", ""message"", ""message"", ""post"", ""upload"", ""search"", ""search"", ""search"", ""search"", ""post"", ""login"", ""login"", ""post"", ""browse"", ""withdraw"", ""withdraw"", ""browse"", ""withdraw"", ""login"", ""post"", ""upload"", ""message"", ""login"", ""post"", ""login"", ""login"", ""post"", ""upload"", ""withdraw"", ""login"", ""upload"", ""search"", ""post"", ""browse"", ""browse""]",True,True,False,True,"[0.2451, 0.8642, 0.8185, 0.9404, 0.815, 0.0432]","[16.572, 9.822, 11.877, 8.284, 14.324]","[""cp_11"", ""cp_5"", ""cp_8"", ""cp_9"", ""cp_3""]","{""tls"": ""tls_1"", ""service"": ""svc_6"", ""certificate"": ""cert_6"", ""server"": ""srv_5"", ""asn"": ""asn_2""}","[""unrelated_Y_3""]","[""PGP_UNRELATED_Y_3_153""]","[""WALLET_UNRELATED_Y_3_505""]","[""TRUST_unrelated_Y_3_3""]","[""market_2""]","[""unrelated_Y_3.example""]","[""cert_6""]","[{""certificate"": ""cert_6"", ""domain"": ""unrelated_Y_3.example""}]","[""svc_6""]",[],[],"[""onion_unrelated_Y_3_816""]","[""unrelated_Y_3:initial_persona""]"
same_actor_3_A,same_actor_3,same_actor_multi_identity,"[6, 8, 7, 16, 17, 17, 17, 17, 17]",46.803501325909046,infra_39,2026-01-29 07:00:00,62.251975908712836,"[""browse"", ""message"", ""login"", ""upload"", ""login"", ""search"", ""post"", ""browse"", ""post"", ""browse"", ""upload"", ""browse"", ""upload"", ""withdraw"", ""withdraw"", ""browse"", ""message"", ""login"", ""login"", ""login"", ""login"", ""post"", ""browse"", ""browse"", ""login"", ""post"", ""login"", ""browse"", ""post"", ""upload"", ""message"", ""withdraw"", ""withdraw"", ""search"", ""search""]",False,True,True,False,"[0.5329, 0.6078, 0.6432, 0.6661, 0.9641, 0.6488]","[10.464, 13.791, 12.036, 15.94, 8.948]","[""cp_4"", ""cp_1"", ""cp_11"", ""cp_14""]","{""tls"": ""tls_1"", ""service"": ""svc_7"", ""certificate"": ""cert_4"", ""server"": ""srv_8"", ""asn"": ""asn_7""}","[""same_actor_3""]","[""PGP_SAME_ACTOR_3_701""]","[""WALLET_SAME_ACTOR_3_169""]","[""TRUST_same_actor_3_1""]","[""market_1""]","[""same_actor_3.example""]","[""cert_4""]","[{""certificate"": ""cert_4"", ""domain"": ""same_actor_3.example""}]","[""svc_7""]",[],[],"[""onion_same_actor_3_320""]","[""same_actor_3:initial_persona""]"
same_actor_3_B,same_actor_3,same_actor_multi_identity,"[8, 6, 7, 16, 16, 17]",59.006625117457986,infra_39,2026-03-11 16:00:00,117.85483118396483,"[""browse"", ""withdraw"", ""login"", ""browse"", ""post"", ""post"", ""search"", ""withdraw"", ""browse"", ""upload"", ""browse"", ""upload"", ""search"", ""message"", ""search"", ""search"", ""message"", ""message"", ""browse"", ""withdraw"", ""upload"", ""browse"", ""message"", ""post"", ""message"", ""withdraw""]",False,False,True,True,"[0.6727, 0.6384, 0.7612, 0.6812, 0.8025, 0.6715]","[8.619, 12.768, 12.281, 16.615, 10.163]","[""cp_7"", ""cp_18"", ""cp_8"", ""cp_5"", ""cp_1""]","{""tls"": ""tls_1"", ""service"": ""svc_7"", ""certificate"": ""cert_4"", ""server"": ""srv_8"", ""asn"": ""asn_7""}","[""same_actor_3""]","[""PGP_SAME_ACTOR_3_858""]","[""WALLET_SAME_ACTOR_3_621""]","[""TRUST_same_actor_3_1""]","[""market_2""]","[""same_actor_3.example""]","[""cert_4""]","[{""certificate"": ""cert_4"", ""domain"": ""same_actor_3.example""}]","[""svc_7""]",[],[],"[""onion_same_actor_3_979""]","[""same_actor_3:initial_persona""]"
partial_3_A,partial_3,partial_overlap,"[12, 12, 13, 13]",58.397971030308135,infra_2,2026-06-18 12:00:00,102.08936638859718,"[""message"", ""message"", ""upload"", ""message"", ""post"", ""browse"", ""post"", ""post"", ""search"", ""search"", ""withdraw"", ""browse"", ""post"", ""browse"", ""post"", ""upload"", ""upload"", ""message"", ""upload"", ""browse"", ""withdraw"", ""message"", ""search"", ""post"", ""upload"", ""message"", ""upload"", ""message"", ""search"", ""browse"", ""browse"", ""post"", ""search"", ""login"", ""message"", ""search"", ""login"", ""login""]",False,True,False,True,"[0.253, 0.3934, 0.7741, 0.926, 0.9883, 0.0058]","[13.482, 19.499, 13.754, 9.684, 8.713]","[""cp_12"", ""cp_13"", ""cp_17""]","{""tls"": ""tls_2"", ""service"": ""svc_7"", ""certificate"": ""cert_9"", ""server"": ""srv_7"", ""asn"": ""asn_12""}","[""partial_3""]","[""PGP_PARTIAL_3_865""]","[""WALLET_PARTIAL_3_186""]","[""TRUST_partial_3_5""]","[""market_4""]","[""partial_3.example""]","[""cert_9""]","[{""certificate"": ""cert_9"", ""domain"": ""partial_3.example""}]","[""svc_7""]",[],[],"[""onion_partial_3_617""]","[""partial_3:initial_persona""]"
partial_3_B,partial_3,partial_overlap,"[11, 12, 12, 12, 11, 12, 13, 13, 12, 11]",54.965523037688996,infra_4,2026-07-11 17:00:00,115.95751442566367,"[""login"", ""search"", ""withdraw"", ""post"", ""login"", ""search"", ""withdraw"", ""search"", ""browse"", ""upload"", ""search"", ""login"", ""message"", ""upload"", ""withdraw"", ""search"", ""upload"", ""message"", ""withdraw"", ""withdraw"", ""message""]",False,True,False,True,"[0.6772, 0.3158, 0.9998, 0.0052, 0.4983, 0.4593]","[11.578, 9.826, 11.293, 7.41, 7.052]","[""cp_2"", ""cp_16"", ""cp_17"", ""cp_12""]","{""tls"": ""tls_5"", ""service"": ""svc_5"", ""certificate"": ""cert_5"", ""server"": ""srv_2"", ""asn"": ""asn_1""}","[""partial_3""]","[""PGP_PARTIAL_3_761""]","[""WALLET_PARTIAL_3_554""]","[""TRUST_partial_3_2""]","[""market_2""]","[""partial_3.example""]","[""cert_5""]","[{""certificate"": ""cert_5"", ""domain"": ""partial_3.example""}]","[""svc_5""]",[],[],"[""onion_partial_3_967""]","[""partial_3:initial_persona""]"
contradict_3_A,contradict_3,contradictory_evidence,"[18, 18, 18, 18, 19, 18, 18]",41.44131142980614,infra_FIXED_1,2026-06-29 11:00:00,105.37034136526508,"[""message"", ""post"", ""post"", ""login"", ""upload"", ""search"", ""login"", ""upload"", ""login"", ""message"", ""post"", ""login"", ""withdraw"", ""login"", ""withdraw"", ""search"", ""message"", ""post"", ""login"", ""withdraw"", ""search"", ""post"", ""upload"", ""message""]",False,True,True,True,"[1.0263, 1.0349, 0.0793, 0.6271, 0.2541, 0.9193]","[18.65, 5.237, 19.975, 7.987, 17.716]","[""cp_19"", ""cp_2"", ""cp_6"", ""cp_20"", ""cp_11""]","{""tls"": ""tls_4"", ""service"": ""svc_3"", ""certificate"": ""cert_3"", ""server"": ""srv_3"", ""asn"": ""asn_4""}","[""contradict_3""]","[""PGP_CONTRADICT_3_120""]","[""WALLET_CONTRADICT_3_639""]","[""TRUST_contradict_3_4""]","[""market_2""]","[""contradict_3.example""]","[""cert_3""]","[{""certificate"": ""cert_3"", ""domain"": ""contradict_3.example""}]","[""svc_3""]",[],[],"[""onion_contradict_3_439""]","[""contradict_3:initial_persona""]"
contradict_3_B,contradict_3,contradictory_evidence,"[17, 19, 18]",50.92273526370382,infra_FIXED_2_CONFLICT,2026-06-06 07:00:00,49.11309071864612,"[""withdraw"", ""upload"", ""browse"", ""search"", ""upload"", ""search"", ""search"", ""withdraw"", ""login"", ""search"", ""login"", ""post"", ""post"", ""upload"", ""browse"", ""search"", ""search"", ""browse"", ""message"", ""browse"", ""message"", ""message"", ""browse"", ""browse"", ""message"", ""post""]",False,True,True,False,"[1.0137, 0.959, 0.0821, 0.612, 0.2676, 0.857]","[19.062, 5.418, 20.848, 9.556, 17.399]","[""cp_11"", ""cp_20""]","{""tls"": ""tls_5"", ""service"": ""svc_3"", ""certificate"": ""cert_6"", ""server"": ""srv_1"", ""asn"": ""asn_12""}","[""contradict_3""]","[""PGP_CONTRADICT_3_111""]","[""WALLET_CONTRADICT_3_371""]","[""TRUST_contradict_3_2""]","[""market_4""]","[""contradict_3.example""]","[""cert_6""]","[{""certificate"": ""cert_6"", ""domain"": ""contradict_3.example""}]","[""svc_3""]",[],[],"[""onion_contradict_3_809""]","[""contradict_3:initial_persona""]"
noisy_3_A,noisy_3,noisy_behavioral,"[18, 22, 12, 1, 8, 18, 21, 19]",6.4860516285641125,infra_46,2026-01-25 01:00:00,92.63107044669738,"[""post"", ""withdraw"", ""browse"", ""search"", ""upload"", ""search"", ""withdraw"", ""upload"", ""withdraw"", ""login"", ""search"", ""upload"", ""withdraw"", ""post"", ""upload"", ""message"", ""browse"", ""upload"", ""search"", ""login"", ""browse"", ""withdraw"", ""withdraw"", ""withdraw"", ""search"", ""withdraw"", ""login"", ""withdraw"", ""post"", ""browse"", ""search"", ""upload"", ""post""]",False,True,True,True,"[0.0841, 0.8931, 0.2044, 0.873, 0.1581, 0.1227]","[8.09, 8.289, 14.581, 15.517, 15.989]","[""cp_14"", ""cp_3""]","{""tls"": ""tls_3"", ""service"": ""svc_6"", ""certificate"": ""cert_5"", ""server"": ""srv_5"", ""asn"": ""asn_4""}","[""noisy_3""]","[""PGP_NOISY_3_753""]","[""WALLET_NOISY_3_398""]","[""TRUST_noisy_3_1""]","[""market_2""]","[""noisy_3.example""]","[""cert_5""]","[{""certificate"": ""cert_5"", ""domain"": ""noisy_3.example""}]","[""svc_6""]",[],[],"[""onion_noisy_3_964""]","[""noisy_3:initial_persona""]"
noisy_3_B,noisy_3,noisy_behavioral,"[16, 3, 19, 23, 14, 17, 12, 12, 12, 15, 12]",47.419949904045936,infra_46,2026-06-24 13:00:00,115.1250210872447,"[""message"", ""message"", ""message"", ""search"", ""upload"", ""search"", ""login"", ""login"", ""browse"", ""search"", ""post"", ""post"", ""message"", ""login"", ""upload"", ""search"", ""search"", ""message"", ""message"", ""login"", ""upload"", ""withdraw"", ""login"", ""browse"", ""post"", ""upload"", ""post"", ""search"", ""upload"", ""login"", ""upload"", ""search"", ""withdraw"", ""search"", ""message"", ""search"", ""browse"", ""withdraw"", ""search"", ""post""]",True,False,False,False,"[0.0587, 1.0312, 0.2052, 0.9436, 0.1229, 0.1742]","[8.189, 7.57, 14.626, 15.523, 16.476]","[""cp_6"", ""cp_7""]","{""tls"": ""tls_3"", ""service"": ""svc_6"", ""certificate"": ""cert_5"", ""server"": ""srv_5"", ""asn"": ""asn_4""}","[""noisy_3""]","[""PGP_NOISY_3_215""]","[""WALLET_NOISY_3_524""]","[""TRUST_noisy_3_2""]","[""market_4""]","[""noisy_3.example""]","[""cert_5""]","[{""certificate"": ""cert_5"", ""domain"": ""noisy_3.example""}]","[""svc_6""]",[],[],"[""onion_noisy_3_680""]","[""noisy_3:initial_persona""]"
privacy_user_4_A,privacy_user_4,legitimate_privacy_user,"[5, 4, 6, 5, 6]",48.36954965050658,infra_4,2026-05-10 12:00:00,174.02637180395166,"[""login"", ""login"", ""login"", ""message"", ""upload"", ""upload"", ""search"", ""message"", ""upload"", ""message"", ""post"", ""upload"", ""message"", ""login"", ""withdraw"", ""search"", ""withdraw"", ""upload"", ""withdraw"", ""browse"", ""browse"", ""withdraw"", ""login"", ""search""]",True,True,True,True,"[0.2325, 0.4371, 0.9654, 0.7138, 0.248, 0.8061]","[12.739, 7.1, 8.948, 11.452, 13.931]","[""cp_18"", ""cp_20"", ""cp_20"", ""cp_10""]","{""tls"": ""tls_1"", ""service"": ""svc_3"", ""certificate"": ""cert_1"", ""server"": ""srv_7"", ""asn"": ""asn_1""}","[""privacy_user_4""]","[""PGP_PRIVACY_USER_4_977""]","[""WALLET_PRIVACY_USER_4_326""]","[""TRUST_privacy_user_4_2""]","[""market_2""]","[""privacy_user_4.example""]","[""cert_1""]","[{""certificate"": ""cert_1"", ""domain"": ""privacy_user_4.example""}]","[""svc_3""]",[],[],"[""onion_privacy_user_4_311""]","[""privacy_user_4:initial_persona""]"
unrelated_X_4_A,unrelated_X_4,independent_unrelated_users,"[20, 20, 21, 19, 19, 21, 21, 22, 19, 21, 21, 20]",69.74225583674948,infra_20,2026-06-17 22:00:00,117.7869520483144,"[""upload"", ""browse"", ""search"", ""login"", ""withdraw"", ""withdraw"", ""withdraw"", ""browse"", ""upload"", ""post"", ""withdraw"", ""browse"", ""search"", ""login"", ""upload"", ""withdraw"", ""message"", ""upload""]",True,False,True,True,"[0.7538, 0.4603, 0.3591, 0.3324, 0.3262, 0.2939]","[13.414, 5.729, 7.831, 11.492, 10.434]","[""cp_19"", ""cp_15"", ""cp_5"", ""cp_11"", ""cp_6""]","{""tls"": ""tls_4"", ""service"": ""svc_3"", ""certificate"": ""cert_5"", ""server"": ""srv_7"", ""asn"": ""asn_7""}","[""unrelated_X_4""]","[""PGP_UNRELATED_X_4_697""]","[""WALLET_UNRELATED_X_4_825""]","[""TRUST_unrelated_X_4_5""]","[""market_1""]","[""unrelated_X_4.example""]","[""cert_5""]","[{""certificate"": ""cert_5"", ""domain"": ""unrelated_X_4.example""}]","[""svc_3""]",[],[],"[""onion_unrelated_X_4_294""]","[""unrelated_X_4:initial_persona""]"
unrelated_Y_4_A,unrelated_Y_4,independent_unrelated_users,"[20, 22, 19, 9, 21, 20, 22, 21, 22, 23]",48.26834967050554,infra_50,2026-02-23 05:00:00,183.87898739121056,"[""post"", ""login"", ""browse"", ""withdraw"", ""withdraw"", ""post"", ""browse"", ""message"", ""login"", ""login"", ""search"", ""browse"", ""upload"", ""login"", ""message"", ""search"", ""withdraw"", ""withdraw"", ""browse""]",False,True,True,False,"[0.1224, 0.3066, 0.9731, 0.3325, -0.0268, 0.4887]","[12.324, 7.131, 11.363, 9.713, 10.041]","[""cp_4"", ""cp_14""]","{""tls"": ""tls_5"", ""service"": ""svc_2"", ""certificate"": ""cert_6"", ""server"": ""srv_1"", ""asn"": ""asn_6""}","[""unrelated_Y_4""]","[""PGP_UNRELATED_Y_4_118""]","[""WALLET_UNRELATED_Y_4_792""]","[""TRUST_unrelated_Y_4_1""]","[""market_2""]","[""unrelated_Y_4.example""]","[""cert_6""]","[{""certificate"": ""cert_6"", ""domain"": ""unrelated_Y_4.example""}]","[""svc_2""]",[],[],"[""onion_unrelated_Y_4_851""]","[""unrelated_Y_4:initial_persona""]"
same_actor_4_A,same_actor_4,same_actor_multi_identity,"[13, 14, 14, 14, 14, 14, 15, 12, 11, 13]",64.48882371996638,infra_8,2026-01-30 03:00:00,141.792345487249,"[""post"", ""message"", ""message"", ""upload"", ""withdraw"", ""message"", ""login"", ""browse"", ""message"", ""search"", ""message"", ""post"", ""browse"", ""upload"", ""upload"", ""upload"", ""message"", ""search"", ""upload"", ""login"", ""search"", ""upload"", ""search"", ""upload"", ""login"", ""search"", ""post"", ""browse"", ""post"", ""login"", ""login"", ""browse"", ""search"", ""post"", ""browse""]",False,False,False,False,"[0.4788, 0.4754, 0.1696, 0.6023, 0.6767, 0.2932]","[14.576, 15.16, 7.582, 13.627, 6.754]","[""cp_20"", ""cp_13"", ""cp_12""]","{""tls"": ""tls_1"", ""service"": ""svc_5"", ""certificate"": ""cert_10"", ""server"": ""srv_2"", ""asn"": ""asn_5""}","[""same_actor_4""]","[""PGP_SAME_ACTOR_4_113""]","[""WALLET_SAME_ACTOR_4_787""]","[""TRUST_same_actor_4_1""]","[""market_1""]","[""same_actor_4.example""]","[""cert_10""]","[{""certificate"": ""cert_10"", ""domain"": ""same_actor_4.example""}]","[""svc_5""]",[],[],"[""onion_same_actor_4_955""]","[""same_actor_4:initial_persona""]"
same_actor_4_B,same_actor_4,same_actor_multi_identity,"[14, 14, 13, 15, 12, 13, 15, 15, 12, 11, 11]",44.17438175291579,infra_8,2026-06-06 00:00:00,126.63370396421257,"[""search"", ""withdraw"", ""upload"", ""browse"", ""search"", ""upload"", ""upload"", ""message"", ""browse"", ""upload"", ""login"", ""login"", ""browse"", ""browse"", ""upload"", ""upload"", ""browse"", ""withdraw"", ""withdraw"", ""browse"", ""search"", ""browse"", ""search"", ""withdraw"", ""withdraw"", ""login"", ""message"", ""withdraw"", ""withdraw""]",True,False,False,True,"[0.5489, 0.5413, 0.0749, 0.6802, 0.5259, 0.2436]","[15.011, 15.511, 8.56, 15.026, 7.453]","[""cp_8"", ""cp_15""]","{""tls"": ""tls_1"", ""service"": ""svc_5"", ""certificate"": ""cert_10"", ""server"": ""srv_2"", ""asn"": ""asn_5""}","[""same_actor_4""]","[""PGP_SAME_ACTOR_4_785""]","[""WALLET_SAME_ACTOR_4_994""]","[""TRUST_same_actor_4_3""]","[""market_2""]","[""same_actor_4.example""]","[""cert_10""]","[{""certificate"": ""cert_10"", ""domain"": ""same_actor_4.example""}]","[""svc_5""]",[],[],"[""onion_same_actor_4_635""]","[""same_actor_4:initial_persona""]"
partial_4_A,partial_4,partial_overlap,"[10, 10, 12]",67.11470823004709,infra_36,2026-06-18 07:00:00,79.88538329501634,"[""browse"", ""withdraw"", ""login"", ""browse"", ""withdraw"", ""upload"", ""search"", ""withdraw"", ""upload"", ""withdraw"", ""search"", ""post"", ""login"", ""withdraw"", ""post"", ""login"", ""search"", ""post"", ""browse"", ""upload"", ""login"", ""withdraw"", ""withdraw"", ""message"", ""withdraw"", ""upload"", ""upload"", ""withdraw"", ""login"", ""search""]",True,True,False,True,"[0.7489, 0.6468, 0.7173, 0.3034, 0.3858, 0.0512]","[9.143, 15.02, 13.961, 4.434, 10.265]","[""cp_5"", ""cp_14"", ""cp_20""]","{""tls"": ""tls_4"", ""service"": ""svc_1"", ""certificate"": ""cert_5"", ""server"": ""srv_4"", ""asn"": ""asn_4""}","[""partial_4""]","[""PGP_PARTIAL_4_320""]","[""WALLET_PARTIAL_4_568""]","[""TRUST_partial_4_2""]","[""market_4""]","[""partial_4.example""]","[""cert_5""]","[{""certificate"": ""cert_5"", ""domain"": ""partial_4.example""}]","[""svc_1""]",[],[],"[""onion_partial_4_446""]","[""partial_4:initial_persona""]"
partial_4_B,partial_4,partial_overlap,"[4, 9, 11, 10, 10, 9, 10, 10, 11, 9]",34.759919768293976,infra_45,2026-05-22 20:00:00,108.93546958240381,"[""search"", ""search"", ""login"", ""message"", ""login"", ""login"", ""browse"", ""upload"", ""upload"", ""upload"", ""search"", ""login"", ""message"", ""withdraw"", ""browse"", ""browse"", ""login"", ""message"", ""post"", ""withdraw"", ""search"", ""search"", ""search"", ""search"", ""upload"", ""search"", ""post"", ""login"", ""login"", ""login"", ""login"", ""message"", ""search"", ""withdraw"", ""withdraw"", ""login"", ""withdraw"", ""post"", ""search"", ""login""]",False,True,True,False,"[0.8549, 0.5193, 0.8767, 0.5309, 0.2396, 0.7603]","[9.239, 7.991, 2.095, 11.644, 13.372]","[""cp_6"", ""cp_17"", ""cp_4""]","{""tls"": ""tls_3"", ""service"": ""svc_6"", ""certificate"": ""cert_2"", ""server"": ""srv_6"", ""asn"": ""asn_9""}","[""partial_4""]","[""PGP_PARTIAL_4_790""]","[""WALLET_PARTIAL_4_865""]","[""TRUST_partial_4_5""]","[""market_4""]","[""partial_4.example""]","[""cert_2""]","[{""certificate"": ""cert_2"", ""domain"": ""partial_4.example""}]","[""svc_6""]",[],[],"[""onion_partial_4_998""]","[""partial_4:initial_persona""]"
contradict_4_A,contradict_4,contradictory_evidence,"[12, 11, 11, 13, 11, 12, 13, 12]",29.597585569684824,infra_FIXED_1,2026-02-26 05:00:00,140.99514092257573,"[""browse"", ""browse"", ""post"", ""search"", ""withdraw"", ""withdraw"", ""browse"", ""login"", ""browse"", ""post"", ""login"", ""login"", ""search"", ""post"", ""search"", ""login"", ""upload"", ""search"", ""browse"", ""post"", ""withdraw"", ""search"", ""login"", ""login"", ""search"", ""upload"", ""login"", ""search"", ""browse"", ""login"", ""login""]",True,False,False,True,"[-0.0465, 0.2678, 0.298, 0.2136, 0.8079, 0.0321]","[12.763, 18.372, 5.315, 19.439, 14.878]","[""cp_6"", ""cp_9""]","{""tls"": ""tls_5"", ""service"": ""svc_7"", ""certificate"": ""cert_5"", ""server"": ""srv_8"", ""asn"": ""asn_10""}","[""contradict_4""]","[""PGP_CONTRADICT_4_217""]","[""WALLET_CONTRADICT_4_784""]","[""TRUST_contradict_4_3""]","[""market_1""]","[""contradict_4.example""]","[""cert_5""]","[{""certificate"": ""cert_5"", ""domain"": ""contradict_4.example""}]","[""svc_7""]",[],[],"[""onion_contradict_4_346""]","[""contradict_4:initial_persona""]"
contradict_4_B,contradict_4,contradictory_evidence,"[12, 12, 12]",37.42967775034794,infra_FIXED_2_CONFLICT,2026-05-23 02:00:00,65.36419401737848,"[""upload"", ""post"", ""withdraw"", ""post"", ""post"", ""login"", ""upload"", ""search"", ""search"", ""search"", ""withdraw"", ""message"", ""login"", ""post"", ""message""]",False,False,False,False,"[0.0211, 0.2471, 0.2479, 0.1582, 0.8955, -0.0308]","[11.451, 20.104, 5.71, 17.951, 13.736]","[""cp_1"", ""cp_18"", ""cp_18"", ""cp_5""]","{""tls"": ""tls_5"", ""service"": ""svc_3"", ""certificate"": ""cert_2"", ""server"": ""srv_6"", ""asn"": ""asn_9""}","[""contradict_4""]","[""PGP_CONTRADICT_4_874""]","[""WALLET_CONTRADICT_4_863""]","[""TRUST_contradict_4_5""]","[""market_1""]","[""contradict_4.example""]","[""cert_2""]","[{""certificate"": ""cert_2"", ""domain"": ""contradict_4.example""}]","[""svc_3""]",[],[],"[""onion_contradict_4_817""]","[""contradict_4:initial_persona""]"
noisy_4_A,noisy_4,noisy_behavioral,"[6, 5, 23, 4, 20, 10, 1, 3, 2, 0, 22]",48.27085978348082,infra_1,2026-01-30 05:00:00,96.42807848068175,"[""browse"", ""search"", ""message"", ""search"", ""search"", ""post"", ""withdraw"", ""post"", ""message"", ""login"", ""login"", ""browse"", ""login"", ""browse"", ""browse"", ""search"", ""withdraw"", ""login"", ""browse"", ""search"", ""withdraw"", ""withdraw"", ""upload"", ""search"", ""withdraw"", ""post"", ""browse"", ""withdraw"", ""message"", ""withdraw"", ""withdraw"", ""upload"", ""login"", ""search""]",True,True,False,False,"[0.6357, 0.3633, 0.4906, 0.1637, 0.238, 0.8044]","[15.834, 8.008, 18.369, 17.521, 6.668]","[""cp_5"", ""cp_15"", ""cp_17"", ""cp_17""]","{""tls"": ""tls_2"", ""service"": ""svc_2"", ""certificate"": ""cert_10"", ""server"": ""srv_5"", ""asn"": ""asn_4""}","[""noisy_4""]","[""PGP_NOISY_4_438""]","[""WALLET_NOISY_4_465""]","[""TRUST_noisy_4_2""]","[""market_4""]","[""noisy_4.example""]","[""cert_10""]","[{""certificate"": ""cert_10"", ""domain"": ""noisy_4.example""}]","[""svc_2""]",[],[],"[""onion_noisy_4_771""]","[""noisy_4:initial_persona""]"
noisy_4_B,noisy_4,noisy_behavioral,"[3, 21, 5, 9, 2, 16, 23, 23, 22, 0]",49.84551273842915,infra_1,2026-01-24 12:00:00,110.39029645179114,"[""upload"", ""post"", ""withdraw"", ""upload"", ""message"", ""search"", ""search"", ""message"", ""upload"", ""search"", ""upload"", ""withdraw"", ""browse"", ""withdraw"", ""post"", ""upload"", ""post"", ""post"", ""browse"", ""withdraw"", ""login"", ""message"", ""post""]",True,True,False,False,"[0.5628, 0.3893, 0.553, 0.0941, 0.3387, 0.8168]","[15.768, 8.193, 18.2, 18.26, 7.898]","[""cp_14"", ""cp_11"", ""cp_4""]","{""tls"": ""tls_2"", ""service"": ""svc_2"", ""certificate"": ""cert_10"", ""server"": ""srv_5"", ""asn"": ""asn_4""}","[""noisy_4""]","[""PGP_NOISY_4_853""]","[""WALLET_NOISY_4_849""]","[""TRUST_noisy_4_4""]","[""market_2""]","[""noisy_4.example""]","[""cert_10""]","[{""certificate"": ""cert_10"", ""domain"": ""noisy_4.example""}]","[""svc_2""]",[],[],"[""onion_noisy_4_141""]","[""noisy_4:initial_persona""]"
privacy_user_5_A,privacy_user_5,legitimate_privacy_user,"[15, 16, 16, 14, 16, 15, 15]",29.354410843639904,infra_44,2026-05-27 18:00:00,118.85688890912772,"[""withdraw"", ""browse"", ""post"", ""upload"", ""withdraw"", ""withdraw"", ""browse"", ""search"", ""withdraw"", ""withdraw"", ""search"", ""browse"", ""browse"", ""upload"", ""login"", ""post"", ""withdraw"", ""withdraw"", ""search""]",True,True,True,True,"[0.5161, 0.2705, 0.2244, 0.8492, 0.0587, 0.0564]","[13.218, 16.842, 6.865, 7.742, 14.751]","[""cp_14"", ""cp_17""]","{""tls"": ""tls_3"", ""service"": ""svc_1"", ""certificate"": ""cert_4"", ""server"": ""srv_8"", ""asn"": ""asn_10""}","[""privacy_user_5""]","[""PGP_PRIVACY_USER_5_274""]","[""WALLET_PRIVACY_USER_5_324""]","[""TRUST_privacy_user_5_4""]","[""market_4""]","[""privacy_user_5.example""]","[""cert_4""]","[{""certificate"": ""cert_4"", ""domain"": ""privacy_user_5.example""}]","[""svc_1""]",[],[],"[""onion_privacy_user_5_246""]","[""privacy_user_5:initial_persona""]"
unrelated_X_5_A,unrelated_X_5,independent_unrelated_users,"[19, 20, 19, 19, 19, 20, 21, 18]",49.566459244362775,infra_27,2026-04-08 11:00:00,126.10388743838327,"[""search"", ""search"", ""login"", ""browse"", ""login"", ""post"", ""upload"", ""search"", ""login"", ""post"", ""browse"", ""post"", ""withdraw"", ""upload"", ""search"", ""message"", ""search"", ""withdraw"", ""withdraw""]",False,False,True,False,"[0.3007, -0.0002, 0.5354, 0.1525, 0.8242, 0.805]","[7.84, 10.312, 11.549, 8.104, 12.198]","[""cp_3"", ""cp_5""]","{""tls"": ""tls_2"", ""service"": ""svc_1"", ""certificate"": ""cert_1"", ""server"": ""srv_2"", ""asn"": ""asn_9""}","[""unrelated_X_5""]","[""PGP_UNRELATED_X_5_770""]","[""WALLET_UNRELATED_X_5_310""]","[""TRUST_unrelated_X_5_3""]","[""market_4""]","[""unrelated_X_5.example""]","[""cert_1""]","[{""certificate"": ""cert_1"", ""domain"": ""unrelated_X_5.example""}]","[""svc_1""]",[],[],"[""onion_unrelated_X_5_470""]","[""unrelated_X_5:initial_persona""]"
unrelated_Y_5_A,unrelated_Y_5,independent_unrelated_users,"[21, 20, 19, 21, 20, 20, 21, 18, 21, 0, 22, 21, 20]",44.72774928654802,infra_31,2026-04-09 12:00:00,89.22749825616255,"[""search"", ""search"", ""withdraw"", ""message"", ""login"", ""upload"", ""upload"", ""withdraw"", ""upload"", ""search"", ""post"", ""search"", ""message"", ""search"", ""upload"", ""login"", ""upload"", ""withdraw"", ""search"", ""browse"", ""upload"", ""browse"", ""message"", ""browse"", ""upload"", ""login"", ""search"", ""post"", ""login"", ""login"", ""post"", ""search""]",False,False,False,True,"[0.8761, 0.3896, 0.0243, 0.2057, 0.0145, 0.125]","[8.141, 7.949, 7.511, 11.311, 14.188]","[""cp_8"", ""cp_10"", ""cp_3"", ""cp_13""]","{""tls"": ""tls_5"", ""service"": ""svc_3"", ""certificate"": ""cert_4"", ""server"": ""srv_1"", ""asn"": ""asn_10""}","[""unrelated_Y_5""]","[""PGP_UNRELATED_Y_5_729""]","[""WALLET_UNRELATED_Y_5_273""]","[""TRUST_unrelated_Y_5_1""]","[""market_2""]","[""unrelated_Y_5.example""]","[""cert_4""]","[{""certificate"": ""cert_4"", ""domain"": ""unrelated_Y_5.example""}]","[""svc_3""]",[],[],"[""onion_unrelated_Y_5_344""]","[""unrelated_Y_5:initial_persona""]"
same_actor_5_A,same_actor_5,same_actor_multi_identity,"[19, 21, 21, 22, 20, 23, 23, 22, 23, 23, 0]",53.407043143807364,infra_22,2026-02-21 07:00:00,132.01767660313277,"[""upload"", ""withdraw"", ""message"", ""message"", ""post"", ""upload"", ""upload"", ""post"", ""upload"", ""login"", ""search"", ""message"", ""message"", ""search"", ""upload"", ""message"", ""upload"", ""post"", ""withdraw"", ""post"", ""withdraw"", ""login"", ""post""]",False,False,False,False,"[0.0728, 0.9556, 0.4364, 0.3581, 0.8695, 0.3791]","[20.034, 15.166, 18.653, 13.583, 6.617]","[""cp_7"", ""cp_5"", ""cp_5"", ""cp_16"", ""cp_1""]","{""tls"": ""tls_2"", ""service"": ""svc_7"", ""certificate"": ""cert_5"", ""server"": ""srv_4"", ""asn"": ""asn_4""}","[""same_actor_5""]","[""PGP_SAME_ACTOR_5_735""]","[""WALLET_SAME_ACTOR_5_422""]","[""TRUST_same_actor_5_4""]","[""market_3""]","[""same_actor_5.example""]","[""cert_5""]","[{""certificate"": ""cert_5"", ""domain"": ""same_actor_5.example""}]","[""svc_7""]",[],[],"[""onion_same_actor_5_989""]","[""same_actor_5:initial_persona""]"
same_actor_5_B,same_actor_5,same_actor_multi_identity,"[22, 22, 20, 21, 20, 22, 20, 20, 23, 22, 23, 23, 0]",68.66691884668296,infra_22,2026-02-15 13:00:00,84.64985329421549,"[""browse"", ""post"", ""message"", ""post"", ""message"", ""message"", ""login"", ""message"", ""login"", ""message"", ""withdraw"", ""login"", ""upload"", ""message"", ""upload"", ""search"", ""search""]",False,False,False,True,"[0.1121, 0.7668, 0.477, 0.3888, 0.8454, 0.2529]","[18.0, 14.968, 19.504, 11.842, 7.703]","[""cp_6"", ""cp_1"", ""cp_5""]","{""tls"": ""tls_2"", ""service"": ""svc_7"", ""certificate"": ""cert_5"", ""server"": ""srv_4"", ""asn"": ""asn_4""}","[""same_actor_5""]","[""PGP_SAME_ACTOR_5_320""]","[""WALLET_SAME_ACTOR_5_933""]","[""TRUST_same_actor_5_3""]","[""market_1""]","[""same_actor_5.example""]","[""cert_5""]","[{""certificate"": ""cert_5"", ""domain"": ""same_actor_5.example""}]","[""svc_7""]",[],[],"[""onion_same_actor_5_959""]","[""same_actor_5:initial_persona""]"
partial_5_A,partial_5,partial_overlap,"[22, 1, 1, 21, 0, 23, 23, 21]",12.900708456696194,infra_16,2026-01-17 15:00:00,101.55200051856583,"[""withdraw"", ""post"", ""search"", ""browse"", ""upload"", ""message"", ""message"", ""upload"", ""message"", ""post"", ""message"", ""browse"", ""browse"", ""withdraw"", ""search"", ""search"", ""search"", ""post"", ""message"", ""message"", ""upload"", ""withdraw"", ""browse"", ""login"", ""upload"", ""search"", ""upload"", ""message"", ""browse"", ""search""]",False,True,True,True,"[0.6142, 0.9294, 0.6972, 0.0122, 0.2182, 0.1368]","[11.169, 12.453, 13.623, 11.941, 8.299]","[""cp_7"", ""cp_14"", ""cp_18"", ""cp_14""]","{""tls"": ""tls_2"", ""service"": ""svc_6"", ""certificate"": ""cert_5"", ""server"": ""srv_8"", ""asn"": ""asn_11""}","[""partial_5""]","[""PGP_PARTIAL_5_639""]","[""WALLET_PARTIAL_5_958""]","[""TRUST_partial_5_2""]","[""market_2""]","[""partial_5.example""]","[""cert_5""]","[{""certificate"": ""cert_5"", ""domain"": ""partial_5.example""}]","[""svc_6""]",[],[],"[""onion_partial_5_135""]","[""partial_5:initial_persona""]"
partial_5_B,partial_5,partial_overlap,"[3, 22, 2, 23, 23, 23, 19, 2, 2, 0, 2, 22]",59.70586307195363,infra_26,2026-06-10 07:00:00,120.44791633023945,"[""post"", ""login"", ""browse"", ""post"", ""upload"", ""login"", ""search"", ""browse"", ""withdraw"", ""login"", ""post"", ""upload"", ""upload"", ""login"", ""message"", ""message"", ""post"", ""login"", ""login"", ""browse"", ""login"", ""withdraw"", ""withdraw"", ""browse"", ""message"", ""upload"", ""login"", ""message"", ""post""]",False,True,False,False,"[0.1607, 0.7056, 0.5877, 0.7782, 0.2107, 0.1508]","[7.674, 9.527, 10.429, 11.045, 10.948]","[""cp_14"", ""cp_11"", ""cp_1""]","{""tls"": ""tls_4"", ""service"": ""svc_5"", ""certificate"": ""cert_8"", ""server"": ""srv_5"", ""asn"": ""asn_12""}","[""partial_5""]","[""PGP_PARTIAL_5_292""]","[""WALLET_PARTIAL_5_428""]","[""TRUST_partial_5_1""]","[""market_4""]","[""partial_5.example""]","[""cert_8""]","[{""certificate"": ""cert_8"", ""domain"": ""partial_5.example""}]","[""svc_5""]",[],[],"[""onion_partial_5_150""]","[""partial_5:initial_persona""]"
contradict_5_A,contradict_5,contradictory_evidence,"[5, 5, 5, 5, 5, 5, 20]",59.29732354753128,infra_FIXED_1,2026-05-18 03:00:00,54.98012281097647,"[""withdraw"", ""search"", ""message"", ""search"", ""withdraw"", ""post"", ""message"", ""login"", ""browse"", ""login"", ""withdraw"", ""search"", ""upload"", ""post"", ""withdraw""]",False,False,True,True,"[0.8803, 0.6103, 0.4217, 0.3306, 0.9587, 0.5849]","[14.096, 14.901, 7.497, 16.316, 8.119]","[""cp_11"", ""cp_4"", ""cp_4"", ""cp_17"", ""cp_3""]","{""tls"": ""tls_4"", ""service"": ""svc_1"", ""certificate"": ""cert_10"", ""server"": ""srv_6"", ""asn"": ""asn_11""}","[""contradict_5""]","[""PGP_CONTRADICT_5_140""]","[""WALLET_CONTRADICT_5_596""]","[""TRUST_contradict_5_4""]","[""market_3""]","[""contradict_5.example""]","[""cert_10""]","[{""certificate"": ""cert_10"", ""domain"": ""contradict_5.example""}]","[""svc_1""]",[],[],"[""onion_contradict_5_401""]","[""contradict_5:initial_persona""]"
contradict_5_B,contradict_5,contradictory_evidence,"[4, 5, 6, 5, 4, 6, 5, 5]",51.57357690593747,infra_FIXED_2_CONFLICT,2026-01-12 04:00:00,115.56799993644526,"[""post"", ""withdraw"", ""upload"", ""post"", ""post"", ""withdraw"", ""login"", ""post"", ""withdraw"", ""login"", ""post"", ""withdraw"", ""login"", ""withdraw"", ""upload"", ""login"", ""browse"", ""search"", ""login"", ""withdraw"", ""message"", ""login"", ""upload"", ""login"", ""login"", ""upload"", ""browse"", ""post"", ""search"", ""post"", ""withdraw"", ""upload"", ""withdraw"", ""message"", ""login"", ""post"", ""withdraw"", ""withdraw""]",False,True,False,False,"[0.7913, 0.5902, 0.4072, 0.2686, 0.9892, 0.6513]","[15.56, 14.705, 7.848, 15.896, 8.074]","[""cp_12"", ""cp_14"", ""cp_14"", ""cp_11""]","{""tls"": ""tls_1"", ""service"": ""svc_1"", ""certificate"": ""cert_6"", ""server"": ""srv_3"", ""asn"": ""asn_12""}","[""contradict_5""]","[""PGP_CONTRADICT_5_326""]","[""WALLET_CONTRADICT_5_720""]","[""TRUST_contradict_5_1""]","[""market_3""]","[""contradict_5.example""]","[""cert_6""]","[{""certificate"": ""cert_6"", ""domain"": ""contradict_5.example""}]","[""svc_1""]",[],[],"[""onion_contradict_5_313""]","[""contradict_5:initial_persona""]"
noisy_5_A,noisy_5,noisy_behavioral,"[21, 19, 20, 13, 19, 18, 1, 9, 6, 8, 6, 11]",17.047960238642357,infra_37,2026-02-24 10:00:00,111.00005588287335,"[""browse"", ""message"", ""withdraw"", ""withdraw"", ""post"", ""message"", ""withdraw"", ""login"", ""post"", ""post"", ""browse"", ""login"", ""login"", ""upload"", ""upload"", ""search"", ""withdraw"", ""withdraw"", ""withdraw"", ""browse"", ""post"", ""upload"", ""message"", ""search"", ""upload"", ""post"", ""post"", ""message"", ""browse"", ""upload"", ""withdraw""]",False,False,True,True,"[0.6377, 0.3877, 0.5354, 0.7072, 0.2999, 0.4313]","[19.76, 4.821, 6.158, 9.421, 5.676]","[""cp_5"", ""cp_5"", ""cp_16"", ""cp_18"", ""cp_7""]","{""tls"": ""tls_2"", ""service"": ""svc_3"", ""certificate"": ""cert_1"", ""server"": ""srv_5"", ""asn"": ""asn_4""}","[""noisy_5""]","[""PGP_NOISY_5_338""]","[""WALLET_NOISY_5_362""]","[""TRUST_noisy_5_3""]","[""market_2""]","[""noisy_5.example""]","[""cert_1""]","[{""certificate"": ""cert_1"", ""domain"": ""noisy_5.example""}]","[""svc_3""]",[],[],"[""onion_noisy_5_684""]","[""noisy_5:initial_persona""]"
noisy_5_B,noisy_5,noisy_behavioral,"[11, 15, 1, 19, 23, 0, 20, 8, 7, 14, 4]",47.42524254508241,infra_37,2026-05-05 12:00:00,131.93372998034152,"[""message"", ""withdraw"", ""upload"", ""withdraw"", ""login"", ""post"", ""login"", ""login"", ""login"", ""browse"", ""upload"", ""withdraw"", ""login"", ""withdraw"", ""browse"", ""message"", ""post"", ""browse"", ""message"", ""post"", ""search"", ""login"", ""withdraw"", ""message"", ""browse"", ""upload"", ""login"", ""browse"", ""browse"", ""upload"", ""login"", ""message"", ""login"", ""search"", ""login"", ""message"", ""search"", ""browse"", ""browse""]",True,False,False,False,"[0.5333, 0.356, 0.5232, 0.6837, 0.3057, 0.4529]","[19.667, 5.107, 4.91, 9.537, 5.105]","[""cp_11"", ""cp_16""]","{""tls"": ""tls_2"", ""service"": ""svc_3"", ""certificate"": ""cert_1"", ""server"": ""srv_5"", ""asn"": ""asn_4""}","[""noisy_5""]","[""PGP_NOISY_5_474""]","[""WALLET_NOISY_5_456""]","[""TRUST_noisy_5_2""]","[""market_4""]","[""noisy_5.example""]","[""cert_1""]","[{""certificate"": ""cert_1"", ""domain"": ""noisy_5.example""}]","[""svc_3""]",[],[],"[""onion_noisy_5_452""]","[""noisy_5:initial_persona""]"
privacy_user_6_A,privacy_user_6,legitimate_privacy_user,"[18, 19, 18, 20, 18, 18]",25.1179113664119,infra_35,2026-05-16 09:00:00,90.4038805163272,"[""search"", ""post"", ""message"", ""login"", ""login"", ""withdraw"", ""post"", ""upload"", ""search"", ""post"", ""login"", ""withdraw"", ""post"", ""message"", ""browse"", ""withdraw"", ""withdraw"", ""login"", ""browse"", ""post"", ""message""]",True,True,True,True,"[0.1491, 0.1738, 1.0101, 0.5861, 0.751, -0.0021]","[13.37, 10.719, 18.27, 4.516, 9.957]","[""cp_1"", ""cp_11"", ""cp_14""]","{""tls"": ""tls_3"", ""service"": ""svc_4"", ""certificate"": ""cert_1"", ""server"": ""srv_5"", ""asn"": ""asn_4""}","[""privacy_user_6""]","[""PGP_PRIVACY_USER_6_502""]","[""WALLET_PRIVACY_USER_6_772""]","[""TRUST_privacy_user_6_2""]","[""market_3""]","[""privacy_user_6.example""]","[""cert_1""]","[{""certificate"": ""cert_1"", ""domain"": ""privacy_user_6.example""}]","[""svc_4""]",[],[],"[""onion_privacy_user_6_847""]","[""privacy_user_6:initial_persona""]"
unrelated_X_6_A,unrelated_X_6,independent_unrelated_users,"[19, 21, 20, 22, 20, 22, 21, 22, 20, 22, 20]",28.274090182071443,infra_27,2026-02-18 03:00:00,98.34568631031004,"[""login"", ""search"", ""browse"", ""withdraw"", ""browse"", ""upload"", ""upload"", ""search"", ""browse"", ""post"", ""withdraw"", ""withdraw"", ""upload"", ""login"", ""browse"", ""withdraw"", ""upload"", ""withdraw"", ""search"", ""login"", ""browse"", ""post"", ""message"", ""upload"", ""upload"", ""message"", ""search"", ""search"", ""message"", ""upload"", ""post"", ""upload"", ""message"", ""withdraw"", ""browse""]",False,False,False,False,"[0.3112, 0.7541, 0.8907, 0.6307, 0.6841, 0.1096]","[8.213, 8.763, 11.205, 10.199, 10.3]","[""cp_17"", ""cp_4""]","{""tls"": ""tls_5"", ""service"": ""svc_4"", ""certificate"": ""cert_6"", ""server"": ""srv_3"", ""asn"": ""asn_7""}","[""unrelated_X_6""]","[""PGP_UNRELATED_X_6_240""]","[""WALLET_UNRELATED_X_6_267""]","[""TRUST_unrelated_X_6_2""]","[""market_4""]","[""unrelated_X_6.example""]","[""cert_6""]","[{""certificate"": ""cert_6"", ""domain"": ""unrelated_X_6.example""}]","[""svc_4""]",[],[],"[""onion_unrelated_X_6_133""]","[""unrelated_X_6:initial_persona""]"
unrelated_Y_6_A,unrelated_Y_6,independent_unrelated_users,"[21, 19, 19, 21, 22, 22, 21, 21, 15]",56.55175439682208,infra_12,2026-02-15 14:00:00,80.49793713618492,"[""withdraw"", ""upload"", ""post"", ""post"", ""withdraw"", ""login"", ""upload"", ""upload"", ""upload"", ""upload"", ""browse"", ""withdraw"", ""withdraw"", ""browse"", ""post""]",False,True,False,False,"[0.7121, 0.8954, 0.7125, 0.1879, 0.4135, 0.5276]","[14.468, 7.052, 9.696, 8.49, 12.47]","[""cp_2"", ""cp_6"", ""cp_5""]","{""tls"": ""tls_3"", ""service"": ""svc_1"", ""certificate"": ""cert_9"", ""server"": ""srv_7"", ""asn"": ""asn_12""}","[""unrelated_Y_6""]","[""PGP_UNRELATED_Y_6_487""]","[""WALLET_UNRELATED_Y_6_663""]","[""TRUST_unrelated_Y_6_4""]","[""market_2""]","[""unrelated_Y_6.example""]","[""cert_9""]","[{""certificate"": ""cert_9"", ""domain"": ""unrelated_Y_6.example""}]","[""svc_1""]",[],[],"[""onion_unrelated_Y_6_886""]","[""unrelated_Y_6:initial_persona""]"
same_actor_6_A,same_actor_6,same_actor_multi_identity,"[2, 2, 1, 22, 19, 20, 21, 21, 21, 20]",45.44476603810209,infra_23,2026-07-11 18:00:00,91.34850994707419,"[""browse"", ""browse"", ""upload"", ""login"", ""search"", ""browse"", ""login"", ""search"", ""post"", ""search"", ""withdraw"", ""upload"", ""upload"", ""browse"", ""message""]",False,False,True,False,"[0.0281, 0.8642, 0.6721, 0.7942, 0.3725, 0.8648]","[5.807, 9.909, 8.399, 15.395, 15.165]","[""cp_9"", ""cp_3"", ""cp_10"", ""cp_10""]","{""tls"": ""tls_5"", ""service"": ""svc_5"", ""certificate"": ""cert_9"", ""server"": ""srv_3"", ""asn"": ""asn_8""}","[""same_actor_6""]","[""PGP_SAME_ACTOR_6_637""]","[""WALLET_SAME_ACTOR_6_314""]","[""TRUST_same_actor_6_2""]","[""market_4""]","[""same_actor_6.example""]","[""cert_9""]","[{""certificate"": ""cert_9"", ""domain"": ""same_actor_6.example""}]","[""svc_5""]",[],[],"[""onion_same_actor_6_159""]","[""same_actor_6:initial_persona""]"
same_actor_6_B,same_actor_6,same_actor_multi_identity,"[0, 1, 2, 0, 0, 18, 1, 0, 20, 20, 20, 19]",61.50613232340416,infra_23,2026-05-10 17:00:00,69.81555731854546,"[""search"", ""message"", ""login"", ""browse"", ""message"", ""upload"", ""browse"", ""upload"", ""post"", ""message"", ""upload"", ""search"", ""message"", ""post"", ""withdraw"", ""message"", ""post"", ""browse"", ""message"", ""search"", ""browse"", ""search"", ""post"", ""browse"", ""upload"", ""withdraw"", ""browse"", ""search"", ""upload"", ""withdraw"", ""post"", ""post"", ""message"", ""upload"", ""login"", ""search"", ""withdraw""]",False,True,False,True,"[-0.0978, 0.8513, 0.672, 0.8201, 0.2564, 0.9093]","[4.779, 11.682, 7.753, 14.773, 14.722]","[""cp_7"", ""cp_2"", ""cp_15""]","{""tls"": ""tls_5"", ""service"": ""svc_5"", ""certificate"": ""cert_9"", ""server"": ""srv_3"", ""asn"": ""asn_8""}","[""same_actor_6""]","[""PGP_SAME_ACTOR_6_916""]","[""WALLET_SAME_ACTOR_6_136""]","[""TRUST_same_actor_6_2""]","[""market_4""]","[""same_actor_6.example""]","[""cert_9""]","[{""certificate"": ""cert_9"", ""domain"": ""same_actor_6.example""}]","[""svc_5""]",[],[],"[""onion_same_actor_6_259""]","[""same_actor_6:initial_persona""]"
partial_6_A,partial_6,partial_overlap,"[12, 12, 13, 12, 12, 12, 12]",48.923846312879874,infra_46,2026-03-27 14:00:00,128.2144428304102,"[""upload"", ""post"", ""login"", ""withdraw"", ""withdraw"", ""login"", ""search"", ""login"", ""login"", ""upload"", ""withdraw"", ""message"", ""message"", ""message"", ""search"", ""post"", ""login"", ""search"", ""login"", ""search"", ""withdraw"", ""browse"", ""search"", ""search"", ""upload"", ""withdraw"", ""post"", ""browse""]",False,False,False,True,"[0.8827, 0.1009, 0.3194, -0.0383, 0.9316, 0.8837]","[8.676, 8.423, 10.754, 12.347, 4.941]","[""cp_16"", ""cp_8"", ""cp_8"", ""cp_5"", ""cp_20""]","{""tls"": ""tls_1"", ""service"": ""svc_3"", ""certificate"": ""cert_3"", ""server"": ""srv_3"", ""asn"": ""asn_5""}","[""partial_6""]","[""PGP_PARTIAL_6_737""]","[""WALLET_PARTIAL_6_673""]","[""TRUST_partial_6_5""]","[""market_1""]","[""partial_6.example""]","[""cert_3""]","[{""certificate"": ""cert_3"", ""domain"": ""partial_6.example""}]","[""svc_3""]",[],[],"[""onion_partial_6_311""]","[""partial_6:initial_persona""]"
partial_6_B,partial_6,partial_overlap,"[11, 11, 14, 10, 13, 12, 12, 13, 13, 11, 12, 11, 11]",41.72458083532739,infra_17,2026-04-27 15:00:00,108.74120349060091,"[""search"", ""post"", ""withdraw"", ""search"", ""login"", ""search"", ""browse"", ""search"", ""post"", ""login"", ""post"", ""upload"", ""withdraw"", ""message"", ""upload"", ""withdraw"", ""withdraw"", ""upload"", ""post"", ""post"", ""login""]",False,True,False,False,"[0.9686, 0.4028, 0.6665, 0.7099, 0.8296, 0.9575]","[8.759, 9.044, 14.416, 13.335, 10.771]","[""cp_12"", ""cp_3"", ""cp_19"", ""cp_1"", ""cp_20""]","{""tls"": ""tls_1"", ""service"": ""svc_7"", ""certificate"": ""cert_5"", ""server"": ""srv_8"", ""asn"": ""asn_7""}","[""partial_6""]","[""PGP_PARTIAL_6_344""]","[""WALLET_PARTIAL_6_735""]","[""TRUST_partial_6_2""]","[""market_4""]","[""partial_6.example""]","[""cert_5""]","[{""certificate"": ""cert_5"", ""domain"": ""partial_6.example""}]","[""svc_7""]",[],[],"[""onion_partial_6_262""]","[""partial_6:initial_persona""]"
contradict_6_A,contradict_6,contradictory_evidence,"[16, 17, 15, 16, 16, 16, 15, 16]",35.951301921811876,infra_FIXED_1,2026-04-22 17:00:00,77.40596142448564,"[""browse"", ""browse"", ""withdraw"", ""upload"", ""login"", ""message"", ""browse"", ""withdraw"", ""upload"", ""login"", ""browse"", ""post"", ""login"", ""login"", ""withdraw"", ""search"", ""search"", ""search"", ""message"", ""upload"", ""withdraw"", ""browse"", ""withdraw"", ""withdraw"", ""browse"", ""post""]",False,False,False,True,"[0.4116, 0.1575, 0.3351, 0.418, 0.575, 0.0138]","[15.049, 17.598, 10.641, 17.659, 18.995]","[""cp_20"", ""cp_2"", ""cp_11"", ""cp_18""]","{""tls"": ""tls_2"", ""service"": ""svc_4"", ""certificate"": ""cert_10"", ""server"": ""srv_7"", ""asn"": ""asn_11""}","[""contradict_6""]","[""PGP_CONTRADICT_6_773""]","[""WALLET_CONTRADICT_6_547""]","[""TRUST_contradict_6_2""]","[""market_4""]","[""contradict_6.example""]","[""cert_10""]","[{""certificate"": ""cert_10"", ""domain"": ""contradict_6.example""}]","[""svc_4""]",[],[],"[""onion_contradict_6_240""]","[""contradict_6:initial_persona""]"
contradict_6_B,contradict_6,contradictory_evidence,"[17, 16, 16, 16, 16, 16, 16]",45.650187591841046,infra_FIXED_2_CONFLICT,2026-07-19 00:00:00,100.80386104772938,"[""message"", ""search"", ""post"", ""message"", ""search"", ""login"", ""post"", ""upload"", ""post"", ""search"", ""withdraw"", ""search"", ""browse"", ""message"", ""browse"", ""post"", ""withdraw"", ""search"", ""post"", ""search"", ""upload"", ""search"", ""upload"", ""search"", ""upload"", ""post"", ""login"", ""upload"", ""login""]",False,True,False,True,"[0.4376, 0.0687, 0.3058, 0.2894, 0.5645, -0.0587]","[16.398, 17.484, 9.837, 19.464, 18.334]","[""cp_4"", ""cp_2"", ""cp_6"", ""cp_15""]","{""tls"": ""tls_3"", ""service"": ""svc_6"", ""certificate"": ""cert_7"", ""server"": ""srv_7"", ""asn"": ""asn_7""}","[""contradict_6""]","[""PGP_CONTRADICT_6_162""]","[""WALLET_CONTRADICT_6_744""]","[""TRUST_contradict_6_4""]","[""market_3""]","[""contradict_6.example""]","[""cert_7""]","[{""certificate"": ""cert_7"", ""domain"": ""contradict_6.example""}]","[""svc_6""]",[],[],"[""onion_contradict_6_273""]","[""contradict_6:initial_persona""]"
noisy_6_A,noisy_6,noisy_behavioral,"[3, 7, 11, 0, 14, 14, 3, 19]",60.01819448361364,infra_20,2026-05-17 20:00:00,162.59756822994785,"[""withdraw"", ""search"", ""post"", ""browse"", ""login"", ""post"", ""message"", ""message"", ""upload"", ""login"", ""browse"", ""login"", ""upload"", ""message"", ""search"", ""upload"", ""login"", ""login"", ""search"", ""search"", ""message"", ""message"", ""post"", ""search"", ""browse"", ""message"", ""search"", ""browse"", ""upload"", ""upload"", ""message"", ""browse"", ""message"", ""search"", ""message""]",True,True,False,True,"[0.4607, 0.8897, 0.9991, 0.1778, 0.637, 0.3845]","[9.49, 13.13, 11.012, 8.66, 16.567]","[""cp_6"", ""cp_16"", ""cp_4"", ""cp_5"", ""cp_18""]","{""tls"": ""tls_4"", ""service"": ""svc_6"", ""certificate"": ""cert_6"", ""server"": ""srv_1"", ""asn"": ""asn_2""}","[""noisy_6""]","[""PGP_NOISY_6_632""]","[""WALLET_NOISY_6_445""]","[""TRUST_noisy_6_2""]","[""market_2""]","[""noisy_6.example""]","[""cert_6""]","[{""certificate"": ""cert_6"", ""domain"": ""noisy_6.example""}]","[""svc_6""]",[],[],"[""onion_noisy_6_660""]","[""noisy_6:initial_persona""]"
noisy_6_B,noisy_6,noisy_behavioral,"[15, 15, 11, 15, 15, 11]",47.1829761609047,infra_20,2026-07-16 13:00:00,81.73083633211094,"[""browse"", ""login"", ""login"", ""browse"", ""message"", ""withdraw"", ""search"", ""message"", ""browse"", ""search"", ""upload"", ""search"", ""search"", ""message"", ""login"", ""post"", ""post"", ""withdraw"", ""browse"", ""upload"", ""login"", ""post"", ""message"", ""login"", ""upload"", ""browse"", ""login""]",False,False,False,True,"[0.4904, 1.0186, 0.9901, 0.1923, 0.699, 0.4018]","[8.46, 12.726, 10.115, 9.829, 17.554]","[""cp_5"", ""cp_2"", ""cp_7""]","{""tls"": ""tls_4"", ""service"": ""svc_6"", ""certificate"": ""cert_6"", ""server"": ""srv_1"", ""asn"": ""asn_2""}","[""noisy_6""]","[""PGP_NOISY_6_372""]","[""WALLET_NOISY_6_255""]","[""TRUST_noisy_6_3""]","[""market_4""]","[""noisy_6.example""]","[""cert_6""]","[{""certificate"": ""cert_6"", ""domain"": ""noisy_6.example""}]","[""svc_6""]",[],[],"[""onion_noisy_6_688""]","[""noisy_6:initial_persona""]"
privacy_user_7_A,privacy_user_7,legitimate_privacy_user,"[20, 9, 0]",38.87262549094777,infra_47,2026-04-26 00:00:00,127.43073237792674,"[""browse"", ""upload"", ""withdraw"", ""search"", ""withdraw"", ""post"", ""browse"", ""search"", ""post"", ""upload"", ""message"", ""search"", ""search"", ""login"", ""login"", ""upload"", ""message"", ""browse""]",True,True,True,True,"[1.055, 0.255, 0.3927, 0.7962, 0.629, 0.5665]","[13.68, 8.351, 7.116, 7.332, 4.504]","[""cp_11"", ""cp_7"", ""cp_2""]","{""tls"": ""tls_2"", ""service"": ""svc_6"", ""certificate"": ""cert_10"", ""server"": ""srv_4"", ""asn"": ""asn_2""}","[""privacy_user_7""]","[""PGP_PRIVACY_USER_7_600""]","[""WALLET_PRIVACY_USER_7_769""]","[""TRUST_privacy_user_7_1""]","[""market_2""]","[""privacy_user_7.example""]","[""cert_10""]","[{""certificate"": ""cert_10"", ""domain"": ""privacy_user_7.example""}]","[""svc_6""]",[],[],"[""onion_privacy_user_7_733""]","[""privacy_user_7:initial_persona""]"
unrelated_X_7_A,unrelated_X_7,independent_unrelated_users,"[20, 21, 20, 19, 20, 21, 22, 21, 20, 21, 21, 21, 22]",35.70957420423182,infra_38,2026-02-12 14:00:00,131.78886910747445,"[""message"", ""post"", ""upload"", ""message"", ""message"", ""withdraw"", ""search"", ""search"", ""upload"", ""browse"", ""browse"", ""login"", ""browse"", ""withdraw"", ""post"", ""post"", ""search"", ""browse"", ""upload"", ""withdraw"", ""browse"", ""browse"", ""post"", ""login"", ""upload"", ""withdraw""]",False,False,False,False,"[0.1578, 0.0659, 0.3399, 0.8167, 0.2338, 0.3372]","[7.848, 13.381, 15.165, 10.316, 10.175]","[""cp_4"", ""cp_11"", ""cp_8""]","{""tls"": ""tls_1"", ""service"": ""svc_6"", ""certificate"": ""cert_10"", ""server"": ""srv_5"", ""asn"": ""asn_7""}","[""unrelated_X_7""]","[""PGP_UNRELATED_X_7_311""]","[""WALLET_UNRELATED_X_7_246""]","[""TRUST_unrelated_X_7_3""]","[""market_2""]","[""unrelated_X_7.example""]","[""cert_10""]","[{""certificate"": ""cert_10"", ""domain"": ""unrelated_X_7.example""}]","[""svc_6""]",[],[],"[""onion_unrelated_X_7_561""]","[""unrelated_X_7:initial_persona""]"
unrelated_Y_7_A,unrelated_Y_7,independent_unrelated_users,"[21, 21, 19, 19, 18, 20, 20, 21, 20, 21, 23]",28.46053066944192,infra_7,2026-01-14 13:00:00,238.45173091553713,"[""search"", ""withdraw"", ""browse"", ""upload"", ""withdraw"", ""upload"", ""upload"", ""search"", ""search"", ""login"", ""search"", ""browse"", ""upload"", ""upload"", ""post"", ""browse"", ""withdraw"", ""search"", ""browse"", ""login"", ""login"", ""upload"", ""post"", ""post"", ""message"", ""message"", ""post"", ""login"", ""browse"", ""browse"", ""upload"", ""login"", ""message"", ""post"", ""login"", ""upload"", ""search"", ""withdraw""]",False,True,False,False,"[0.2293, 0.4829, 0.2905, 0.8438, 0.0873, 0.6373]","[13.618, 4.481, 3.971, 10.463, 11.495]","[""cp_6"", ""cp_12"", ""cp_15"", ""cp_1"", ""cp_3""]","{""tls"": ""tls_5"", ""service"": ""svc_1"", ""certificate"": ""cert_5"", ""server"": ""srv_3"", ""asn"": ""asn_2""}","[""unrelated_Y_7""]","[""PGP_UNRELATED_Y_7_528""]","[""WALLET_UNRELATED_Y_7_275""]","[""TRUST_unrelated_Y_7_3""]","[""market_4""]","[""unrelated_Y_7.example""]","[""cert_5""]","[{""certificate"": ""cert_5"", ""domain"": ""unrelated_Y_7.example""}]","[""svc_1""]",[],[],"[""onion_unrelated_Y_7_402""]","[""unrelated_Y_7:initial_persona""]"
same_actor_7_A,same_actor_7,same_actor_multi_identity,"[11, 12, 11, 12, 11, 22, 23, 20, 23, 23, 22]",37.598765354372276,infra_22,2026-04-09 11:00:00,144.8488746046438,"[""post"", ""upload"", ""post"", ""search"", ""post"", ""withdraw"", ""login"", ""browse"", ""message"", ""upload"", ""login"", ""withdraw"", ""post"", ""upload"", ""message"", ""upload"", ""upload"", ""login"", ""login"", ""browse"", ""message"", ""post"", ""browse"", ""browse"", ""search"", ""search"", ""post"", ""search"", ""withdraw"", ""login"", ""message"", ""upload"", ""withdraw"", ""message"", ""login"", ""login"", ""search""]",False,False,False,False,"[0.5732, 0.2825, 0.756, 0.6498, 0.6663, 0.5573]","[7.245, 15.326, 13.929, 9.592, 19.734]","[""cp_15"", ""cp_10"", ""cp_19"", ""cp_5"", ""cp_10""]","{""tls"": ""tls_5"", ""service"": ""svc_6"", ""certificate"": ""cert_6"", ""server"": ""srv_1"", ""asn"": ""asn_2""}","[""same_actor_7""]","[""PGP_SAME_ACTOR_7_871""]","[""WALLET_SAME_ACTOR_7_862""]","[""TRUST_same_actor_7_2""]","[""market_2""]","[""same_actor_7.example""]","[""cert_6""]","[{""certificate"": ""cert_6"", ""domain"": ""same_actor_7.example""}]","[""svc_6""]",[],[],"[""onion_same_actor_7_461""]","[""same_actor_7:initial_persona""]"
same_actor_7_B,same_actor_7,same_actor_multi_identity,"[13, 12, 12, 23, 22, 23, 22, 22]",77.5579817956302,infra_22,2026-02-13 08:00:00,90.45048784654588,"[""browse"", ""login"", ""withdraw"", ""withdraw"", ""message"", ""login"", ""login"", ""message"", ""upload"", ""message"", ""search"", ""withdraw"", ""login"", ""post"", ""search"", ""withdraw"", ""login"", ""upload"", ""message""]",False,False,False,True,"[0.5564, 0.3036, 0.8006, 0.6751, 0.7064, 0.5996]","[8.567, 16.205, 14.043, 10.496, 19.718]","[""cp_10"", ""cp_1""]","{""tls"": ""tls_5"", ""service"": ""svc_6"", ""certificate"": ""cert_6"", ""server"": ""srv_1"", ""asn"": ""asn_2""}","[""same_actor_7""]","[""PGP_SAME_ACTOR_7_959""]","[""WALLET_SAME_ACTOR_7_825""]","[""TRUST_same_actor_7_2""]","[""market_2""]","[""same_actor_7.example""]","[""cert_6""]","[{""certificate"": ""cert_6"", ""domain"": ""same_actor_7.example""}]","[""svc_6""]",[],[],"[""onion_same_actor_7_343""]","[""same_actor_7:initial_persona""]"
partial_7_A,partial_7,partial_overlap,"[13, 12, 11, 12, 14, 12, 12]",49.46144478683761,infra_40,2026-02-26 08:00:00,163.79545888634374,"[""message"", ""browse"", ""withdraw"", ""search"", ""upload"", ""browse"", ""browse"", ""upload"", ""login"", ""message"", ""upload"", ""post"", ""withdraw"", ""upload"", ""login"", ""withdraw"", ""search"", ""post"", ""post"", ""post"", ""search"", ""upload"", ""message"", ""withdraw"", ""upload"", ""browse"", ""search"", ""search"", ""message"", ""search"", ""withdraw""]",False,False,False,True,"[0.8479, 0.4657, 0.1365, -0.0059, 0.7729, 0.5475]","[7.255, 12.145, 7.137, 7.832, 14.175]","[""cp_5"", ""cp_9""]","{""tls"": ""tls_4"", ""service"": ""svc_2"", ""certificate"": ""cert_7"", ""server"": ""srv_6"", ""asn"": ""asn_7""}","[""partial_7""]","[""PGP_PARTIAL_7_391""]","[""WALLET_PARTIAL_7_453""]","[""TRUST_partial_7_3""]","[""market_1""]","[""partial_7.example""]","[""cert_7""]","[{""certificate"": ""cert_7"", ""domain"": ""partial_7.example""}]","[""svc_2""]",[],[],"[""onion_partial_7_556""]","[""partial_7:initial_persona""]"
partial_7_B,partial_7,partial_overlap,"[11, 13, 14, 13, 14, 12, 12, 13, 11, 11, 11, 12, 12]",31.379600956705488,infra_20,2026-05-06 22:00:00,123.4566024825711,"[""browse"", ""post"", ""post"", ""withdraw"", ""post"", ""search"", ""post"", ""search"", ""withdraw"", ""withdraw"", ""login"", ""search"", ""withdraw"", ""search"", ""withdraw"", ""login"", ""withdraw"", ""login"", ""search"", ""search""]",True,False,True,False,"[0.9487, 0.8248, 0.4779, 0.5958, 0.9591, 0.4048]","[7.782, 12.621, 7.867, 10.906, 6.819]","[""cp_16"", ""cp_12""]","{""tls"": ""tls_1"", ""service"": ""svc_3"", ""certificate"": ""cert_9"", ""server"": ""srv_1"", ""asn"": ""asn_5""}","[""partial_7""]","[""PGP_PARTIAL_7_249""]","[""WALLET_PARTIAL_7_427""]","[""TRUST_partial_7_4""]","[""market_1""]","[""partial_7.example""]","[""cert_9""]","[{""certificate"": ""cert_9"", ""domain"": ""partial_7.example""}]","[""svc_3""]",[],[],"[""onion_partial_7_238""]","[""partial_7:initial_persona""]"
contradict_7_A,contradict_7,contradictory_evidence,"[9, 10, 10, 9, 9, 9, 10, 9]",45.920691941202335,infra_FIXED_1,2026-07-15 03:00:00,102.87091981090322,"[""browse"", ""login"", ""browse"", ""post"", ""withdraw"", ""search"", ""login"", ""upload"", ""message"", ""login"", ""withdraw"", ""post"", ""upload"", ""login"", ""browse"", ""post"", ""search"", ""message"", ""upload"", ""upload"", ""post"", ""withdraw"", ""post"", ""upload"", ""browse"", ""search"", ""message"", ""browse"", ""upload"", ""browse"", ""withdraw"", ""post""]",False,True,True,False,"[0.7673, 0.1795, 0.4426, 0.9729, 0.5923, 1.0257]","[7.339, 9.55, 16.559, 7.142, 7.881]","[""cp_11"", ""cp_16""]","{""tls"": ""tls_2"", ""service"": ""svc_6"", ""certificate"": ""cert_4"", ""server"": ""srv_5"", ""asn"": ""asn_3""}","[""contradict_7""]","[""PGP_CONTRADICT_7_716""]","[""WALLET_CONTRADICT_7_310""]","[""TRUST_contradict_7_5""]","[""market_1""]","[""contradict_7.example""]","[""cert_4""]","[{""certificate"": ""cert_4"", ""domain"": ""contradict_7.example""}]","[""svc_6""]",[],[],"[""onion_contradict_7_289""]","[""contradict_7:initial_persona""]"
contradict_7_B,contradict_7,contradictory_evidence,"[8, 9, 8, 9, 9, 9]",7.06395840280053,infra_FIXED_2_CONFLICT,2026-01-30 12:00:00,51.28623771778538,"[""post"", ""search"", ""upload"", ""login"", ""upload"", ""message"", ""search"", ""login"", ""search"", ""withdraw"", ""withdraw"", ""message"", ""search"", ""search"", ""search"", ""login"", ""upload"", ""message""]",False,False,False,True,"[0.7966, 0.1248, 0.5082, 0.9357, 0.6496, 0.9105]","[7.89, 9.223, 17.499, 6.879, 7.177]","[""cp_5"", ""cp_15"", ""cp_4"", ""cp_4""]","{""tls"": ""tls_2"", ""service"": ""svc_2"", ""certificate"": ""cert_2"", ""server"": ""srv_7"", ""asn"": ""asn_12""}","[""contradict_7""]","[""PGP_CONTRADICT_7_283""]","[""WALLET_CONTRADICT_7_113""]","[""TRUST_contradict_7_4""]","[""market_3""]","[""contradict_7.example""]","[""cert_2""]","[{""certificate"": ""cert_2"", ""domain"": ""contradict_7.example""}]","[""svc_2""]",[],[],"[""onion_contradict_7_207""]","[""contradict_7:initial_persona""]"
noisy_7_A,noisy_7,noisy_behavioral,"[10, 6, 22, 4, 11, 4, 7, 9, 16, 13, 13, 16, 15, 15, 14]",56.2997849050862,infra_32,2026-02-21 09:00:00,141.13527301851065,"[""upload"", ""message"", ""browse"", ""login"", ""post"", ""post"", ""post"", ""login"", ""message"", ""withdraw"", ""browse"", ""login"", ""browse"", ""search"", ""message"", ""browse"", ""message"", ""post"", ""browse"", ""withdraw"", ""message"", ""browse"", ""upload"", ""login"", ""search"", ""upload""]",False,False,True,False,"[0.2004, 0.893, 0.0264, 0.7836, 0.8703, 0.4496]","[5.571, 7.634, 12.661, 10.562, 9.088]","[""cp_11"", ""cp_13""]","{""tls"": ""tls_5"", ""service"": ""svc_1"", ""certificate"": ""cert_2"", ""server"": ""srv_8"", ""asn"": ""asn_8""}","[""noisy_7""]","[""PGP_NOISY_7_570""]","[""WALLET_NOISY_7_136""]","[""TRUST_noisy_7_1""]","[""market_4""]","[""noisy_7.example""]","[""cert_2""]","[{""certificate"": ""cert_2"", ""domain"": ""noisy_7.example""}]","[""svc_1""]",[],[],"[""onion_noisy_7_670""]","[""noisy_7:initial_persona""]"
noisy_7_B,noisy_7,noisy_behavioral,"[8, 3, 3, 6, 7, 9, 16, 12, 17, 11, 15, 15, 23]",55.96221555674716,infra_32,2026-05-27 12:00:00,108.02102485958045,"[""withdraw"", ""search"", ""withdraw"", ""search"", ""search"", ""upload"", ""withdraw"", ""login"", ""login"", ""browse"", ""withdraw"", ""post"", ""message"", ""upload"", ""post"", ""post"", ""post"", ""login"", ""login"", ""search"", ""message"", ""search"", ""upload"", ""upload"", ""message"", ""search"", ""search"", ""browse"", ""login"", ""post"", ""search"", ""upload"", ""message"", ""search"", ""message""]",False,True,False,True,"[0.2209, 0.9628, -0.0467, 0.7434, 0.8463, 0.5545]","[5.792, 6.724, 14.364, 10.416, 10.003]","[""cp_5"", ""cp_7""]","{""tls"": ""tls_5"", ""service"": ""svc_1"", ""certificate"": ""cert_2"", ""server"": ""srv_8"", ""asn"": ""asn_8""}","[""noisy_7""]","[""PGP_NOISY_7_394""]","[""WALLET_NOISY_7_371""]","[""TRUST_noisy_7_1""]","[""market_2""]","[""noisy_7.example""]","[""cert_2""]","[{""certificate"": ""cert_2"", ""domain"": ""noisy_7.example""}]","[""svc_1""]",[],[],"[""onion_noisy_7_687""]","[""noisy_7:initial_persona""]"
privacy_user_8_A,privacy_user_8,legitimate_privacy_user,"[23, 1, 0, 1, 0, 1, 1]",25.805138670502835,infra_16,2026-02-21 05:00:00,162.37171785606392,"[""upload"", ""post"", ""post"", ""browse"", ""post"", ""post"", ""message"", ""upload"", ""upload"", ""message"", ""search"", ""withdraw"", ""browse"", ""upload"", ""withdraw"", ""message"", ""login"", ""browse"", ""message"", ""withdraw"", ""upload"", ""upload""]",True,True,True,True,"[0.7953, 0.3226, 0.4953, 0.9522, 0.3537, 0.8831]","[14.635, 11.26, 10.204, 9.009, 12.073]","[""cp_9"", ""cp_5"", ""cp_12""]","{""tls"": ""tls_3"", ""service"": ""svc_7"", ""certificate"": ""cert_2"", ""server"": ""srv_7"", ""asn"": ""asn_6""}","[""privacy_user_8""]","[""PGP_PRIVACY_USER_8_959""]","[""WALLET_PRIVACY_USER_8_841""]","[""TRUST_privacy_user_8_2""]","[""market_4""]","[""privacy_user_8.example""]","[""cert_2""]","[{""certificate"": ""cert_2"", ""domain"": ""privacy_user_8.example""}]","[""svc_7""]",[],[],"[""onion_privacy_user_8_214""]","[""privacy_user_8:initial_persona""]"
unrelated_X_8_A,unrelated_X_8,independent_unrelated_users,"[19, 22, 20, 19, 20, 21, 19, 19, 21, 21, 21, 20, 20, 20, 20]",5.5490941177606175,infra_31,2026-06-19 01:00:00,109.14375172504077,"[""search"", ""post"", ""search"", ""withdraw"", ""login"", ""upload"", ""search"", ""message"", ""upload"", ""upload"", ""search"", ""login"", ""post"", ""message"", ""post"", ""login"", ""withdraw"", ""search"", ""message"", ""search"", ""message"", ""post"", ""browse"", ""upload"", ""message"", ""post"", ""upload"", ""upload"", ""search"", ""withdraw"", ""post"", ""browse"", ""browse"", ""withdraw"", ""login""]",False,True,True,True,"[0.6836, 0.7392, 0.0252, 1.0301, 0.5599, 0.959]","[6.427, 14.164, 14.339, 14.181, 11.862]","[""cp_6"", ""cp_2"", ""cp_13"", ""cp_20""]","{""tls"": ""tls_4"", ""service"": ""svc_3"", ""certificate"": ""cert_5"", ""server"": ""srv_2"", ""asn"": ""asn_4""}","[""unrelated_X_8""]","[""PGP_UNRELATED_X_8_980""]","[""WALLET_UNRELATED_X_8_264""]","[""TRUST_unrelated_X_8_4""]","[""market_2""]","[""unrelated_X_8.example""]","[""cert_5""]","[{""certificate"": ""cert_5"", ""domain"": ""unrelated_X_8.example""}]","[""svc_3""]",[],[],"[""onion_unrelated_X_8_424""]","[""unrelated_X_8:initial_persona""]"
unrelated_Y_8_A,unrelated_Y_8,independent_unrelated_users,"[21, 19, 20, 21, 21, 20, 20, 21, 21, 21, 23]",64.82860018856805,infra_28,2026-05-15 13:00:00,108.94928038586025,"[""search"", ""browse"", ""browse"", ""message"", ""withdraw"", ""withdraw"", ""upload"", ""message"", ""upload"", ""login"", ""message"", ""post"", ""withdraw"", ""browse"", ""withdraw"", ""post"", ""message"", ""post"", ""withdraw"", ""upload"", ""message"", ""upload"", ""post"", ""browse"", ""message"", ""login"", ""withdraw"", ""upload"", ""post"", ""message"", ""browse"", ""message"", ""browse"", ""post"", ""upload"", ""search"", ""search"", ""message""]",False,False,True,False,"[0.6172, 0.0357, 0.9853, 0.1185, 0.5726, 0.0474]","[15.184, 8.172, 9.495, 14.944, 7.648]","[""cp_17"", ""cp_11"", ""cp_14"", ""cp_6""]","{""tls"": ""tls_2"", ""service"": ""svc_5"", ""certificate"": ""cert_4"", ""server"": ""srv_5"", ""asn"": ""asn_12""}","[""unrelated_Y_8""]","[""PGP_UNRELATED_Y_8_284""]","[""WALLET_UNRELATED_Y_8_518""]","[""TRUST_unrelated_Y_8_2""]","[""market_4""]","[""unrelated_Y_8.example""]","[""cert_4""]","[{""certificate"": ""cert_4"", ""domain"": ""unrelated_Y_8.example""}]","[""svc_5""]",[],[],"[""onion_unrelated_Y_8_397""]","[""unrelated_Y_8:initial_persona""]"
same_actor_8_A,same_actor_8,same_actor_multi_identity,"[9, 11, 11, 11, 23, 23, 14, 23, 22, 23]",44.09688908680988,infra_32,2026-04-02 22:00:00,65.40064966532879,"[""login"", ""login"", ""search"", ""withdraw"", ""post"", ""post"", ""search"", ""browse"", ""search"", ""login"", ""message"", ""message"", ""search"", ""browse"", ""login"", ""browse"", ""withdraw"", ""withdraw"", ""upload"", ""browse"", ""upload"", ""message"", ""post"", ""post"", ""search""]",False,True,False,True,"[0.7124, 0.1306, 0.9137, 0.7092, 0.8259, 0.0904]","[7.393, 8.996, 6.131, 7.9, 15.986]","[""cp_10"", ""cp_5"", ""cp_4"", ""cp_10"", ""cp_16""]","{""tls"": ""tls_4"", ""service"": ""svc_1"", ""certificate"": ""cert_8"", ""server"": ""srv_1"", ""asn"": ""asn_8""}","[""same_actor_8""]","[""PGP_SAME_ACTOR_8_697""]","[""WALLET_SAME_ACTOR_8_104""]","[""TRUST_same_actor_8_5""]","[""market_2""]","[""same_actor_8.example""]","[""cert_8""]","[{""certificate"": ""cert_8"", ""domain"": ""same_actor_8.example""}]","[""svc_1""]",[],[],"[""onion_same_actor_8_684""]","[""same_actor_8:initial_persona""]"
same_actor_8_B,same_actor_8,same_actor_multi_identity,"[10, 11, 11, 10, 11, 10, 10, 23, 0, 0, 23, 23]",57.30569120708938,infra_32,2026-04-21 23:00:00,146.33468649798624,"[""upload"", ""login"", ""login"", ""withdraw"", ""search"", ""message"", ""message"", ""message"", ""withdraw"", ""browse"", ""search"", ""withdraw"", ""browse"", ""browse"", ""login"", ""login"", ""upload"", ""post""]",False,False,True,True,"[0.6616, 0.1662, 0.8126, 0.6469, 0.7739, 0.0054]","[6.089, 7.639, 5.473, 9.502, 15.064]","[""cp_11"", ""cp_19"", ""cp_15"", ""cp_15""]","{""tls"": ""tls_4"", ""service"": ""svc_1"", ""certificate"": ""cert_8"", ""server"": ""srv_1"", ""asn"": ""asn_8""}","[""same_actor_8""]","[""PGP_SAME_ACTOR_8_192""]","[""WALLET_SAME_ACTOR_8_874""]","[""TRUST_same_actor_8_4""]","[""market_4""]","[""same_actor_8.example""]","[""cert_8""]","[{""certificate"": ""cert_8"", ""domain"": ""same_actor_8.example""}]","[""svc_1""]",[],[],"[""onion_same_actor_8_477""]","[""same_actor_8:initial_persona""]"
partial_8_A,partial_8,partial_overlap,"[19, 19, 18, 18, 20, 19, 5, 20]",30.856820277535583,infra_17,2026-03-08 21:00:00,112.07061291489578,"[""withdraw"", ""post"", ""post"", ""message"", ""withdraw"", ""search"", ""search"", ""upload"", ""browse"", ""message"", ""browse"", ""browse"", ""login"", ""search"", ""login"", ""upload"", ""upload"", ""search"", ""upload"", ""login"", ""withdraw"", ""withdraw"", ""login"", ""withdraw"", ""message"", ""browse"", ""upload"", ""upload"", ""upload""]",False,False,False,False,"[0.3899, 0.9564, 0.8349, 0.212, 0.1051, 1.0324]","[7.838, 4.354, 13.978, 9.132, 5.85]","[""cp_8"", ""cp_2"", ""cp_17"", ""cp_1"", ""cp_14""]","{""tls"": ""tls_5"", ""service"": ""svc_3"", ""certificate"": ""cert_7"", ""server"": ""srv_5"", ""asn"": ""asn_2""}","[""partial_8""]","[""PGP_PARTIAL_8_114""]","[""WALLET_PARTIAL_8_295""]","[""TRUST_partial_8_1""]","[""market_2""]","[""partial_8.example""]","[""cert_7""]","[{""certificate"": ""cert_7"", ""domain"": ""partial_8.example""}]","[""svc_3""]",[],[],"[""onion_partial_8_116""]","[""partial_8:initial_persona""]"
partial_8_B,partial_8,partial_overlap,"[19, 19, 20, 20, 18, 19, 19, 20]",17.806324768496836,infra_37,2026-06-15 11:00:00,118.41464105288074,"[""upload"", ""browse"", ""withdraw"", ""post"", ""browse"", ""withdraw"", ""post"", ""upload"", ""message"", ""message"", ""search"", ""message"", ""search"", ""browse"", ""search"", ""withdraw"", ""message"", ""post"", ""search"", ""login"", ""search"", ""withdraw"", ""withdraw"", ""login"", ""browse""]",False,False,False,True,"[0.3168, 0.0128, 0.91, 0.4597, 0.5416, 0.4421]","[10.619, 6.011, 9.808, 7.31, 3.786]","[""cp_4"", ""cp_20""]","{""tls"": ""tls_4"", ""service"": ""svc_2"", ""certificate"": ""cert_5"", ""server"": ""srv_7"", ""asn"": ""asn_7""}","[""partial_8""]","[""PGP_PARTIAL_8_918""]","[""WALLET_PARTIAL_8_964""]","[""TRUST_partial_8_2""]","[""market_4""]","[""partial_8.example""]","[""cert_5""]","[{""certificate"": ""cert_5"", ""domain"": ""partial_8.example""}]","[""svc_2""]",[],[],"[""onion_partial_8_312""]","[""partial_8:initial_persona""]"
contradict_8_A,contradict_8,contradictory_evidence,"[20, 20, 18, 20, 19, 19]",44.38024237308486,infra_FIXED_1,2026-04-23 13:00:00,63.90714205475747,"[""browse"", ""upload"", ""search"", ""browse"", ""login"", ""login"", ""post"", ""withdraw"", ""browse"", ""login"", ""login"", ""search"", ""login"", ""withdraw"", ""message"", ""upload"", ""upload"", ""login"", ""login"", ""withdraw"", ""search"", ""message"", ""login"", ""login"", ""message"", ""message"", ""browse"", ""search""]",True,False,False,False,"[0.7828, 0.9417, 0.8524, -0.0068, 0.0984, 0.6598]","[17.952, 19.769, 6.506, 9.884, 11.656]","[""cp_7"", ""cp_18"", ""cp_20"", ""cp_20"", ""cp_15""]","{""tls"": ""tls_5"", ""service"": ""svc_4"", ""certificate"": ""cert_2"", ""server"": ""srv_3"", ""asn"": ""asn_11""}","[""contradict_8""]","[""PGP_CONTRADICT_8_906""]","[""WALLET_CONTRADICT_8_333""]","[""TRUST_contradict_8_2""]","[""market_4""]","[""contradict_8.example""]","[""cert_2""]","[{""certificate"": ""cert_2"", ""domain"": ""contradict_8.example""}]","[""svc_4""]",[],[],"[""onion_contradict_8_539""]","[""contradict_8:initial_persona""]"
contradict_8_B,contradict_8,contradictory_evidence,"[19, 20, 19, 19, 18, 19, 19]",62.819107606043644,infra_FIXED_2_CONFLICT,2026-06-28 11:00:00,123.92544421227035,"[""message"", ""withdraw"", ""login"", ""browse"", ""upload"", ""message"", ""post"", ""search"", ""login"", ""withdraw"", ""withdraw"", ""login"", ""login"", ""login"", ""withdraw"", ""search"", ""withdraw"", ""post"", ""message"", ""message"", ""message"", ""login"", ""search"", ""search"", ""login"", ""withdraw"", ""login"", ""post"", ""login""]",False,False,True,False,"[0.832, 1.0138, 0.767, 0.0146, 0.1241, 0.6256]","[18.245, 18.095, 8.326, 9.359, 11.26]","[""cp_12"", ""cp_15"", ""cp_4""]","{""tls"": ""tls_3"", ""service"": ""svc_3"", ""certificate"": ""cert_3"", ""server"": ""srv_2"", ""asn"": ""asn_4""}","[""contradict_8""]","[""PGP_CONTRADICT_8_318""]","[""WALLET_CONTRADICT_8_195""]","[""TRUST_contradict_8_5""]","[""market_3""]","[""contradict_8.example""]","[""cert_3""]","[{""certificate"": ""cert_3"", ""domain"": ""contradict_8.example""}]","[""svc_3""]",[],[],"[""onion_contradict_8_419""]","[""contradict_8:initial_persona""]"
noisy_8_A,noisy_8,noisy_behavioral,"[18, 2, 3, 22, 18, 22, 0, 23]",37.35628524544863,infra_28,2026-06-26 15:00:00,121.4375917009423,"[""browse"", ""search"", ""browse"", ""upload"", ""upload"", ""withdraw"", ""message"", ""withdraw"", ""upload"", ""message"", ""search"", ""upload"", ""upload"", ""search"", ""login"", ""search"", ""withdraw"", ""post"", ""search"", ""post"", ""withdraw"", ""login"", ""upload"", ""search"", ""upload"", ""login""]",False,False,False,False,"[0.7095, 0.076, 0.0106, 0.9194, 0.5269, 0.3911]","[10.613, 13.717, 13.656, 11.724, 10.725]","[""cp_13"", ""cp_8"", ""cp_13"", ""cp_11"", ""cp_18""]","{""tls"": ""tls_3"", ""service"": ""svc_5"", ""certificate"": ""cert_8"", ""server"": ""srv_7"", ""asn"": ""asn_8""}","[""noisy_8""]","[""PGP_NOISY_8_133""]","[""WALLET_NOISY_8_864""]","[""TRUST_noisy_8_2""]","[""market_4""]","[""noisy_8.example""]","[""cert_8""]","[{""certificate"": ""cert_8"", ""domain"": ""noisy_8.example""}]","[""svc_5""]",[],[],"[""onion_noisy_8_478""]","[""noisy_8:initial_persona""]"
noisy_8_B,noisy_8,noisy_behavioral,"[3, 0, 9, 6, 9, 7, 6, 22, 22, 0, 3, 2, 13]",42.73307743103073,infra_28,2026-01-12 21:00:00,107.43966784970137,"[""post"", ""browse"", ""login"", ""browse"", ""message"", ""upload"", ""browse"", ""message"", ""post"", ""upload"", ""message"", ""message"", ""upload"", ""search"", ""browse"", ""browse"", ""post"", ""post"", ""search"", ""withdraw"", ""withdraw"", ""post"", ""upload"", ""withdraw"", ""search""]",False,False,True,True,"[0.8913, 0.03, 0.0012, 0.809, 0.4589, 0.3834]","[10.853, 11.842, 13.49, 12.65, 10.496]","[""cp_3"", ""cp_16"", ""cp_1"", ""cp_14"", ""cp_8""]","{""tls"": ""tls_3"", ""service"": ""svc_5"", ""certificate"": ""cert_8"", ""server"": ""srv_7"", ""asn"": ""asn_8""}","[""noisy_8""]","[""PGP_NOISY_8_683""]","[""WALLET_NOISY_8_634""]","[""TRUST_noisy_8_2""]","[""market_1""]","[""noisy_8.example""]","[""cert_8""]","[{""certificate"": ""cert_8"", ""domain"": ""noisy_8.example""}]","[""svc_5""]",[],[],"[""onion_noisy_8_587""]","[""noisy_8:initial_persona""]"
archive_100,archive_actor_100,archive_reference,"[7, 8, 9, 7, 8, 7, 8, 14, 14, 12, 15, 15, 15, 20, 21, 20, 20]",44.05573718728469,infra_27,2026-05-07 00:00:00,54.63961279634097,"[""withdraw"", ""login"", ""withdraw"", ""post"", ""search"", ""message"", ""login"", ""search"", ""upload"", ""upload"", ""post"", ""upload"", ""message"", ""post"", ""post"", ""search"", ""search"", ""search"", ""upload"", ""search"", ""withdraw"", ""browse"", ""withdraw"", ""upload"", ""login"", ""browse"", ""search"", ""upload""]",False,False,False,False,"[0.8738, 0.3887, -0.0383, 0.3569, 0.34, 0.2027]","[11.706, 12.118, 11.047, 11.947, 8.322]","[""cp_18"", ""cp_18""]","{""tls"": ""tls_2"", ""service"": ""svc_4"", ""certificate"": ""cert_1"", ""server"": ""srv_5"", ""asn"": ""asn_6""}","[""archive_100""]","[""PGP_ARCHIVE_ACTOR_100_272""]","[""WALLET_ARCHIVE_ACTOR_100_629""]","[""TRUST_archive_actor_100_3""]","[""market_3""]","[""archive_actor_100.example""]","[""cert_1""]","[{""certificate"": ""cert_1"", ""domain"": ""archive_actor_100.example""}]","[""svc_4""]",[],[],"[""onion_archive_actor_100_464""]","[""archive_100:initial_persona""]"
